Date/Time,Type,Message
16-Dec-2018 06:44:06 PM,Info,"Killing all excel & IE browser instances."
16-Dec-2018 06:44:10 PM,Info,"IE browser opened with ACME site."
16-Dec-2018 06:44:11 PM,Info,"Credentials successfully retrieved."
16-Dec-2018 06:44:15 PM,Info,"Login is successfull. Dashboard is opened."
16-Dec-2018 06:44:17 PM,Info,"Total page count :8"
16-Dec-2018 06:44:18 PM,Info,"Output excel file is opened & saved into a variable."
16-Dec-2018 06:44:20 PM,Info,"Total no. of rows extracted from webpage :10"
16-Dec-2018 06:44:20 PM,Info,"Total no. of rows after filtering :1"
16-Dec-2018 06:44:21 PM,Info,"Filtered data inserted into excel."
16-Dec-2018 06:44:23 PM,Info,"Total no. of rows extracted from webpage :10"
16-Dec-2018 06:44:23 PM,Info,"Total no. of rows after filtering :0"
16-Dec-2018 06:44:23 PM,Error,"Source : Invoke InfoLogger workflow: Invoke LogFile_Creater workflow: If - Searching for 'LogFilePath' key in Config dictionary
Type :System.NullReferenceException
Message :Object reference not set to an instance of an object.
StackTrace :   at UiPath.Core.Activities.InvokeWorkflowFile.EndExecute(AsyncCodeActivityContext context, IAsyncResult result)
   at System.Activities.AsyncCodeActivity.System.Activities.IAsyncCodeActivity.FinishExecution(AsyncCodeActivityContext context, IAsyncResult result)
   at System.Activities.AsyncCodeActivity.CompleteAsyncCodeActivityData.CompleteAsyncCodeActivityWorkItem.Execute(ActivityExecutor executor, BookmarkManager bookmarkManager)"
16-Dec-2018 06:44:23 PM,Info,"Closing all application."
16-Dec-2018 06:44:28 PM,Info,"IE browser opened with ACME site."
16-Dec-2018 06:44:28 PM,Info,"Credentials successfully retrieved."
16-Dec-2018 06:44:32 PM,Info,"Login is successfull. Dashboard is opened."
16-Dec-2018 06:44:35 PM,Info,"Total page count :8"