Date/Time,Type,Message
16-Dec-2018 06:39:43 PM,Info,"Killing all excel & IE browser instances."
16-Dec-2018 06:39:47 PM,Info,"IE browser opened with ACME site."
16-Dec-2018 06:39:48 PM,Info,"Credentials successfully retrieved."
16-Dec-2018 06:39:52 PM,Info,"Login is successfull. Dashboard is opened."
16-Dec-2018 06:39:54 PM,Info,"Total page count :8"
16-Dec-2018 06:39:55 PM,Info,"Output excel file is opened & saved into a variable."
16-Dec-2018 06:39:57 PM,Info,"Total no. of rows extracted from webpage :10"
16-Dec-2018 06:39:57 PM,Info,"Total no. of rows after filtering :1"
16-Dec-2018 06:39:58 PM,Info,"Filtered data inserted into excel."
16-Dec-2018 06:40:01 PM,Info,"Total no. of rows extracted from webpage :10"
16-Dec-2018 06:40:01 PM,Error,"Source : Assign
Type :System.InvalidOperationException
Message :The source contains no DataRows.
StackTrace :   at UiPath.Core.Activities.InvokeWorkflowFile.EndExecute(AsyncCodeActivityContext context, IAsyncResult result)
   at System.Activities.AsyncCodeActivity.System.Activities.IAsyncCodeActivity.FinishExecution(AsyncCodeActivityContext context, IAsyncResult result)
   at System.Activities.AsyncCodeActivity.CompleteAsyncCodeActivityData.CompleteAsyncCodeActivityWorkItem.Execute(ActivityExecutor executor, BookmarkManager bookmarkManager)"
16-Dec-2018 06:40:01 PM,Info,"Closing all application."
16-Dec-2018 06:40:05 PM,Info,"IE browser opened with ACME site."
16-Dec-2018 06:40:06 PM,Info,"Credentials successfully retrieved."
16-Dec-2018 06:40:10 PM,Info,"Login is successfull. Dashboard is opened."
16-Dec-2018 06:40:11 PM,Info,"Total page count :8"
16-Dec-2018 06:40:12 PM,Info,"Output excel file is opened & saved into a variable."
16-Dec-2018 06:40:14 PM,Info,"Total no. of rows extracted from webpage :10"
16-Dec-2018 06:40:15 PM,Error,"Source : Assign
Type :System.InvalidOperationException
Message :The source contains no DataRows.
StackTrace :   at UiPath.Core.Activities.InvokeWorkflowFile.EndExecute(AsyncCodeActivityContext context, IAsyncResult result)
   at System.Activities.AsyncCodeActivity.System.Activities.IAsyncCodeActivity.FinishExecution(AsyncCodeActivityContext context, IAsyncResult result)
   at System.Activities.AsyncCodeActivity.CompleteAsyncCodeActivityData.CompleteAsyncCodeActivityWorkItem.Execute(ActivityExecutor executor, BookmarkManager bookmarkManager)"
16-Dec-2018 06:40:15 PM,Info,"Closing all application."
16-Dec-2018 06:40:19 PM,Info,"IE browser opened with ACME site."
16-Dec-2018 06:40:19 PM,Info,"Credentials successfully retrieved."
16-Dec-2018 06:40:24 PM,Info,"Login is successfull. Dashboard is opened."
16-Dec-2018 06:40:26 PM,Info,"Total page count :8"
16-Dec-2018 06:40:27 PM,Info,"Output excel file is opened & saved into a variable."