Date/Time,Type,Message
16-Dec-2018 07:12:41 PM,Info,"Killing all excel & IE browser instances."
16-Dec-2018 07:12:45 PM,Info,"IE browser opened with ACME site."
16-Dec-2018 07:12:45 PM,Info,"Credentials successfully retrieved."
16-Dec-2018 07:12:50 PM,Info,"Login is successfull. Dashboard is opened."
16-Dec-2018 07:12:52 PM,Info,"Total page count :8"
16-Dec-2018 07:12:53 PM,Info,"Output excel file is opened & saved into a variable."
16-Dec-2018 07:12:55 PM,Info,"Total no. of rows extracted from webpage :10"
16-Dec-2018 07:12:55 PM,Info,"Total no. of rows after filtering :1"
16-Dec-2018 07:12:56 PM,Info,"Filtered data inserted into excel."
16-Dec-2018 07:12:58 PM,Info,"Total no. of rows extracted from webpage :10"
16-Dec-2018 07:12:58 PM,Info,"Total no. of rows after filtering :0"
16-Dec-2018 07:12:58 PM,Info,"No rows matching filter in page 2"
16-Dec-2018 07:13:00 PM,Info,"Total no. of rows extracted from webpage :10"
16-Dec-2018 07:13:00 PM,Info,"Total no. of rows after filtering :0"
16-Dec-2018 07:13:00 PM,Info,"No rows matching filter in page 3"
16-Dec-2018 07:13:02 PM,Info,"Total no. of rows extracted from webpage :10"
16-Dec-2018 07:13:02 PM,Info,"Total no. of rows after filtering :1"
16-Dec-2018 07:13:02 PM,Info,"Filtered data inserted into excel."
16-Dec-2018 07:13:05 PM,Info,"Total no. of rows extracted from webpage :10"
16-Dec-2018 07:13:05 PM,Info,"Total no. of rows after filtering :0"
16-Dec-2018 07:13:05 PM,Info,"No rows matching filter in page 5"
16-Dec-2018 07:13:07 PM,Info,"Total no. of rows extracted from webpage :10"
16-Dec-2018 07:13:07 PM,Info,"Total no. of rows after filtering :1"
16-Dec-2018 07:13:07 PM,Info,"Filtered data inserted into excel."
16-Dec-2018 07:13:09 PM,Info,"Total no. of rows extracted from webpage :10"
16-Dec-2018 07:13:10 PM,Info,"Total no. of rows after filtering :0"
16-Dec-2018 07:13:10 PM,Info,"No rows matching filter in page 7"
16-Dec-2018 07:13:12 PM,Info,"Total no. of rows extracted from webpage :4"
16-Dec-2018 07:13:12 PM,Info,"Total no. of rows after filtering :0"
16-Dec-2018 07:13:12 PM,Info,"No rows matching filter in page 8"
16-Dec-2018 07:13:12 PM,Info,"Closing all application."