Date/Time,Type,Message
16-Dec-2018 06:55:17 PM,Info,"Killing all excel & IE browser instances."
16-Dec-2018 06:55:20 PM,Info,"IE browser opened with ACME site."
16-Dec-2018 06:55:21 PM,Info,"Credentials successfully retrieved."
16-Dec-2018 06:55:26 PM,Info,"Login is successfull. Dashboard is opened."
16-Dec-2018 06:55:27 PM,Info,"Total page count :8"
16-Dec-2018 06:55:28 PM,Info,"Output excel file is opened & saved into a variable."
16-Dec-2018 06:55:30 PM,Info,"Total no. of rows extracted from webpage :10"
16-Dec-2018 06:55:31 PM,Info,"Total no. of rows after filtering :1"
16-Dec-2018 06:55:31 PM,Info,"Filtered data inserted into excel."
16-Dec-2018 06:55:33 PM,Info,"Total no. of rows extracted from webpage :10"
16-Dec-2018 06:55:33 PM,Info,"Total no. of rows after filtering :0"
16-Dec-2018 06:55:33 PM,Info,"No rows matching filter in page 2"
16-Dec-2018 06:55:35 PM,Info,"Total no. of rows extracted from webpage :10"
16-Dec-2018 06:55:35 PM,Info,"Total no. of rows after filtering :0"
16-Dec-2018 06:55:35 PM,Info,"No rows matching filter in page 3"
16-Dec-2018 06:55:37 PM,Info,"Total no. of rows extracted from webpage :10"
16-Dec-2018 06:55:37 PM,Info,"Total no. of rows after filtering :1"
16-Dec-2018 06:55:38 PM,Info,"Filtered data inserted into excel."
16-Dec-2018 06:55:40 PM,Info,"Total no. of rows extracted from webpage :10"
16-Dec-2018 06:55:40 PM,Info,"Total no. of rows after filtering :0"
16-Dec-2018 06:55:40 PM,Info,"No rows matching filter in page 5"
16-Dec-2018 06:55:42 PM,Info,"Total no. of rows extracted from webpage :10"
16-Dec-2018 06:55:42 PM,Info,"Total no. of rows after filtering :1"
16-Dec-2018 06:55:42 PM,Info,"Filtered data inserted into excel."
16-Dec-2018 06:55:44 PM,Info,"Total no. of rows extracted from webpage :10"
16-Dec-2018 06:55:44 PM,Info,"Total no. of rows after filtering :0"
16-Dec-2018 06:55:44 PM,Info,"No rows matching filter in page 7"
16-Dec-2018 06:55:47 PM,Info,"Total no. of rows extracted from webpage :4"
16-Dec-2018 06:55:47 PM,Info,"Total no. of rows after filtering :0"
16-Dec-2018 06:55:47 PM,Info,"No rows matching filter in page 8"
16-Dec-2018 06:55:48 PM,Info,"Closing all application."