Date/Time,Type,Message
16-Dec-2018 06:45:43 PM,Info,"Killing all excel & IE browser instances."
16-Dec-2018 06:45:47 PM,Info,"IE browser opened with ACME site."
16-Dec-2018 06:45:48 PM,Info,"Credentials successfully retrieved."
16-Dec-2018 06:45:52 PM,Info,"Login is successfull. Dashboard is opened."
16-Dec-2018 06:45:54 PM,Info,"Total page count :8"
16-Dec-2018 06:45:55 PM,Info,"Output excel file is opened & saved into a variable."
16-Dec-2018 06:45:57 PM,Info,"Total no. of rows extracted from webpage :10"
16-Dec-2018 06:45:57 PM,Info,"Total no. of rows after filtering :1"
16-Dec-2018 06:45:58 PM,Info,"Filtered data inserted into excel."
16-Dec-2018 06:46:00 PM,Info,"Total no. of rows extracted from webpage :10"
16-Dec-2018 06:46:00 PM,Info,"Total no. of rows after filtering :0"
16-Dec-2018 06:46:00 PM,Info,"No rows matching filter in page 2"
16-Dec-2018 06:46:02 PM,Info,"Total no. of rows extracted from webpage :10"
16-Dec-2018 06:46:02 PM,Info,"Total no. of rows after filtering :0"
16-Dec-2018 06:46:02 PM,Info,"No rows matching filter in page 3"
16-Dec-2018 06:46:04 PM,Info,"Total no. of rows extracted from webpage :10"
16-Dec-2018 06:46:04 PM,Info,"Total no. of rows after filtering :1"
16-Dec-2018 06:46:04 PM,Info,"Filtered data inserted into excel."
16-Dec-2018 06:46:07 PM,Info,"Total no. of rows extracted from webpage :10"
16-Dec-2018 06:46:07 PM,Info,"Total no. of rows after filtering :0"
16-Dec-2018 06:46:07 PM,Info,"No rows matching filter in page 5"
16-Dec-2018 06:46:09 PM,Info,"Total no. of rows extracted from webpage :10"
16-Dec-2018 06:46:09 PM,Info,"Total no. of rows after filtering :1"
16-Dec-2018 06:46:09 PM,Info,"Filtered data inserted into excel."
16-Dec-2018 06:46:11 PM,Info,"Total no. of rows extracted from webpage :10"
16-Dec-2018 06:46:11 PM,Info,"Total no. of rows after filtering :0"
16-Dec-2018 06:46:11 PM,Info,"No rows matching filter in page 7"
16-Dec-2018 06:46:13 PM,Info,"Total no. of rows extracted from webpage :4"
16-Dec-2018 06:46:13 PM,Info,"Total no. of rows after filtering :0"
16-Dec-2018 06:46:13 PM,Info,"No rows matching filter in page 8"
16-Dec-2018 06:47:14 PM,Error,"Source : Find Element 'A  https://acme-test.ui...'
Type :UiPath.Core.Activities.ActivityTimeoutException
Message :Activity timeout exceeded
StackTrace :   at UiPath.Core.Activities.InvokeWorkflowFile.EndExecute(AsyncCodeActivityContext context, IAsyncResult result)
   at System.Activities.AsyncCodeActivity.System.Activities.IAsyncCodeActivity.FinishExecution(AsyncCodeActivityContext context, IAsyncResult result)
   at System.Activities.AsyncCodeActivity.CompleteAsyncCodeActivityData.CompleteAsyncCodeActivityWorkItem.Execute(ActivityExecutor executor, BookmarkManager bookmarkManager)"
16-Dec-2018 06:47:15 PM,Info,"Closing all application."