Date/Time,Type,Message
16-Dec-2018 06:36:22 PM,Info,"Killing all excel & IE browser instances."
16-Dec-2018 06:36:25 PM,Info,"IE browser opened with ACME site."
16-Dec-2018 06:36:27 PM,Info,"Credentials successfully retrieved."
16-Dec-2018 06:36:31 PM,Info,"Login is successfull. Dashboard is opened."
16-Dec-2018 06:36:32 PM,Info,"Total page count :8"
16-Dec-2018 06:36:33 PM,Info,"Output excel file is opened & saved into a variable."
16-Dec-2018 06:36:36 PM,Info,"Total no. of rows extracted from webpage :10"
16-Dec-2018 06:36:36 PM,Error,"Source : Invoke InfoLogger workflow: Invoke LogFile_Creater workflow: If - Searching for 'LogFilePath' key in Config dictionary
Type :System.NullReferenceException
Message :Object reference not set to an instance of an object.
StackTrace :   at UiPath.Core.Activities.InvokeWorkflowFile.EndExecute(AsyncCodeActivityContext context, IAsyncResult result)
   at System.Activities.AsyncCodeActivity.System.Activities.IAsyncCodeActivity.FinishExecution(AsyncCodeActivityContext context, IAsyncResult result)
   at System.Activities.AsyncCodeActivity.CompleteAsyncCodeActivityData.CompleteAsyncCodeActivityWorkItem.Execute(ActivityExecutor executor, BookmarkManager bookmarkManager)"
16-Dec-2018 06:36:36 PM,Info,"Closing all application."
16-Dec-2018 06:36:41 PM,Info,"IE browser opened with ACME site."
16-Dec-2018 06:36:42 PM,Info,"Credentials successfully retrieved."
16-Dec-2018 06:36:46 PM,Info,"Login is successfull. Dashboard is opened."
16-Dec-2018 06:36:48 PM,Info,"Total page count :8"
16-Dec-2018 06:36:49 PM,Info,"Output excel file is opened & saved into a variable."
16-Dec-2018 06:36:50 PM,Info,"Total no. of rows extracted from webpage :10"
16-Dec-2018 06:36:50 PM,Error,"Source : Invoke InfoLogger workflow: Invoke LogFile_Creater workflow: If - Searching for 'LogFilePath' key in Config dictionary
Type :System.NullReferenceException
Message :Object reference not set to an instance of an object.
StackTrace :   at UiPath.Core.Activities.InvokeWorkflowFile.EndExecute(AsyncCodeActivityContext context, IAsyncResult result)
   at System.Activities.AsyncCodeActivity.System.Activities.IAsyncCodeActivity.FinishExecution(AsyncCodeActivityContext context, IAsyncResult result)
   at System.Activities.AsyncCodeActivity.CompleteAsyncCodeActivityData.CompleteAsyncCodeActivityWorkItem.Execute(ActivityExecutor executor, BookmarkManager bookmarkManager)"
16-Dec-2018 06:36:50 PM,Info,"Closing all application."
16-Dec-2018 06:36:55 PM,Info,"IE browser opened with ACME site."
16-Dec-2018 06:36:55 PM,Info,"Credentials successfully retrieved."