Date/Time,Type,Message
16-Dec-2018 06:52:35 PM,Info,"Killing all excel & IE browser instances."
16-Dec-2018 06:52:39 PM,Info,"IE browser opened with ACME site."
16-Dec-2018 06:52:40 PM,Info,"Credentials successfully retrieved."
16-Dec-2018 06:52:44 PM,Info,"Login is successfull. Dashboard is opened."
16-Dec-2018 06:52:46 PM,Info,"Total page count :8"
16-Dec-2018 06:52:47 PM,Info,"Output excel file is opened & saved into a variable."
16-Dec-2018 06:52:49 PM,Info,"Total no. of rows extracted from webpage :10"
16-Dec-2018 06:52:49 PM,Info,"Total no. of rows after filtering :1"
16-Dec-2018 06:52:50 PM,Info,"Filtered data inserted into excel."
16-Dec-2018 06:52:52 PM,Info,"Total no. of rows extracted from webpage :10"
16-Dec-2018 06:52:52 PM,Info,"Total no. of rows after filtering :0"
16-Dec-2018 06:52:52 PM,Info,"No rows matching filter in page 2"
16-Dec-2018 06:52:54 PM,Info,"Total no. of rows extracted from webpage :10"
16-Dec-2018 06:52:54 PM,Info,"Total no. of rows after filtering :0"
16-Dec-2018 06:52:54 PM,Info,"No rows matching filter in page 3"
16-Dec-2018 06:52:56 PM,Info,"Total no. of rows extracted from webpage :10"
16-Dec-2018 06:52:56 PM,Info,"Total no. of rows after filtering :1"
16-Dec-2018 06:52:56 PM,Info,"Filtered data inserted into excel."
16-Dec-2018 06:52:59 PM,Info,"Total no. of rows extracted from webpage :10"
16-Dec-2018 06:52:59 PM,Info,"Total no. of rows after filtering :0"
16-Dec-2018 06:52:59 PM,Info,"No rows matching filter in page 5"
16-Dec-2018 06:53:01 PM,Info,"Total no. of rows extracted from webpage :10"
16-Dec-2018 06:53:01 PM,Info,"Total no. of rows after filtering :1"
16-Dec-2018 06:53:01 PM,Info,"Filtered data inserted into excel."
16-Dec-2018 06:53:03 PM,Info,"Total no. of rows extracted from webpage :10"
16-Dec-2018 06:53:03 PM,Info,"Total no. of rows after filtering :0"
16-Dec-2018 06:53:03 PM,Info,"No rows matching filter in page 7"
16-Dec-2018 06:53:05 PM,Info,"Total no. of rows extracted from webpage :4"
16-Dec-2018 06:53:05 PM,Info,"Total no. of rows after filtering :0"
16-Dec-2018 06:53:05 PM,Info,"No rows matching filter in page 8"