Date/Time,Type,Message
16-Dec-2018 07:10:31 PM,Info,"Killing all excel & IE browser instances."
16-Dec-2018 07:10:35 PM,Info,"IE browser opened with ACME site."
16-Dec-2018 07:10:36 PM,Info,"Credentials successfully retrieved."
16-Dec-2018 07:10:41 PM,Info,"Login is successfull. Dashboard is opened."
16-Dec-2018 07:10:42 PM,Info,"Total page count :8"
16-Dec-2018 07:10:44 PM,Info,"Output excel file is opened & saved into a variable."
16-Dec-2018 07:10:46 PM,Info,"Total no. of rows extracted from webpage :10"
16-Dec-2018 07:10:46 PM,Info,"Total no. of rows after filtering :1"
16-Dec-2018 07:10:47 PM,Info,"Filtered data inserted into excel."
16-Dec-2018 07:10:49 PM,Info,"Total no. of rows extracted from webpage :10"
16-Dec-2018 07:10:49 PM,Info,"Total no. of rows after filtering :0"
16-Dec-2018 07:10:49 PM,Info,"No rows matching filter in page 2"
16-Dec-2018 07:10:51 PM,Info,"Total no. of rows extracted from webpage :10"
16-Dec-2018 07:10:51 PM,Info,"Total no. of rows after filtering :0"
16-Dec-2018 07:10:51 PM,Info,"No rows matching filter in page 3"
16-Dec-2018 07:10:53 PM,Info,"Total no. of rows extracted from webpage :10"
16-Dec-2018 07:10:53 PM,Info,"Total no. of rows after filtering :1"
16-Dec-2018 07:10:54 PM,Info,"Filtered data inserted into excel."
16-Dec-2018 07:11:25 PM,Error,"Source : Find Element 'A  https://acme-test.ui...'
Type :UiPath.Core.Activities.ActivityTimeoutException
Message :Activity timeout exceeded
StackTrace :   at UiPath.Core.Activities.InvokeWorkflowFile.EndExecute(AsyncCodeActivityContext context, IAsyncResult result)
   at System.Activities.AsyncCodeActivity.System.Activities.IAsyncCodeActivity.FinishExecution(AsyncCodeActivityContext context, IAsyncResult result)
   at System.Activities.AsyncCodeActivity.CompleteAsyncCodeActivityData.CompleteAsyncCodeActivityWorkItem.Execute(ActivityExecutor executor, BookmarkManager bookmarkManager)"
16-Dec-2018 07:11:25 PM,Info,"Closing all application."