Date/Time,Type,Message
13-Jan-2019 12:38:38 AM,Info,"Killing all excel & IE browser instances."
13-Jan-2019 12:38:54 AM,Info,"IE browser opened with ACME site."
13-Jan-2019 12:38:55 AM,Info,"Credentials successfully retrieved."
13-Jan-2019 12:39:00 AM,Info,"Login is successfull. Dashboard is opened."
13-Jan-2019 12:39:02 AM,Info,"Total page count :8"
13-Jan-2019 12:39:08 AM,Info,"Output excel file is opened & saved into a variable."
13-Jan-2019 12:39:10 AM,Info,"Total no. of rows extracted from webpage :10"
13-Jan-2019 12:39:10 AM,Info,"Total no. of rows after filtering :1"
13-Jan-2019 12:39:13 AM,Info,"Filtered data inserted into excel."
13-Jan-2019 12:39:15 AM,Info,"Total no. of rows extracted from webpage :10"
13-Jan-2019 12:39:15 AM,Info,"Total no. of rows after filtering :0"
13-Jan-2019 12:39:15 AM,Info,"No rows matching filter in page 2"
13-Jan-2019 12:39:17 AM,Info,"Total no. of rows extracted from webpage :10"
13-Jan-2019 12:39:17 AM,Info,"Total no. of rows after filtering :0"
13-Jan-2019 12:39:17 AM,Info,"No rows matching filter in page 3"
13-Jan-2019 12:39:19 AM,Info,"Total no. of rows extracted from webpage :10"
13-Jan-2019 12:39:19 AM,Info,"Total no. of rows after filtering :1"
13-Jan-2019 12:39:19 AM,Info,"Filtered data inserted into excel."
13-Jan-2019 12:39:21 AM,Info,"Total no. of rows extracted from webpage :10"
13-Jan-2019 12:39:21 AM,Info,"Total no. of rows after filtering :0"
13-Jan-2019 12:39:21 AM,Info,"No rows matching filter in page 5"
13-Jan-2019 12:39:23 AM,Info,"Total no. of rows extracted from webpage :10"
13-Jan-2019 12:39:23 AM,Info,"Total no. of rows after filtering :1"
13-Jan-2019 12:39:23 AM,Info,"Filtered data inserted into excel."
13-Jan-2019 12:39:26 AM,Info,"Total no. of rows extracted from webpage :10"
13-Jan-2019 12:39:26 AM,Info,"Total no. of rows after filtering :0"
13-Jan-2019 12:39:26 AM,Info,"No rows matching filter in page 7"
13-Jan-2019 12:39:28 AM,Info,"Total no. of rows extracted from webpage :4"
13-Jan-2019 12:39:28 AM,Info,"Total no. of rows after filtering :0"
13-Jan-2019 12:39:28 AM,Info,"No rows matching filter in page 8"
13-Jan-2019 12:39:28 AM,Info,"Closing all application."