Date/Time,Type,Message
21-Oct-2018 04:10:53 PM,Info,"Killing all excel & IE browser instances."
21-Oct-2018 04:10:59 PM,Info,"IE browser opened with ACME site."
21-Oct-2018 04:11:00 PM,Info,"Credentials successfully retrieved."
21-Oct-2018 04:11:04 PM,Info,"Login is successfull. Dashboard is opened."
21-Oct-2018 04:11:08 PM,Info,"Vendors details extracted from table. Total vendors :18"
21-Oct-2018 04:11:11 PM,Info,"Output excel file is opened & saved into a variable."
21-Oct-2018 04:11:13 PM,Info,"----------------Start : Processing vendor with TaxID :FR121212----------------"
21-Oct-2018 04:11:14 PM,Info,"Searched result loaded :True"
21-Oct-2018 04:11:15 PM,Info,"Vendors details successfully retrieved."
21-Oct-2018 04:11:15 PM,Warn,"BusinessRule exception for transaction :0
Source : Throw - Second BusinessRule exception
Type :UiPath.Core.BusinessRuleException
Message :Second BusinessRule Exception: Vendor city not found in list.
StackTrace :   at UiPath.Core.Activities.InvokeWorkflowFile.EndExecute(AsyncCodeActivityContext context, IAsyncResult result)
   at System.Activities.AsyncCodeActivity.System.Activities.IAsyncCodeActivity.FinishExecution(AsyncCodeActivityContext context, IAsyncResult result)
   at System.Activities.AsyncCodeActivity.CompleteAsyncCodeActivityData.CompleteAsyncCodeActivityWorkItem.Execute(ActivityExecutor executor, BookmarkManager bookmarkManager)"
21-Oct-2018 04:11:17 PM,Info,"----------------Start : Processing vendor with TaxID :RO892123----------------"
21-Oct-2018 04:11:19 PM,Info,"Searched result loaded :True"
21-Oct-2018 04:11:20 PM,Info,"Vendors details successfully retrieved."
21-Oct-2018 04:11:20 PM,Info,"Current = Extracted : Matched
STAR SOFTWARE = STAR SOFTWARE: True
ALEEA ROZELOR 84 = ALEEA ROZELOR 84: True
IASI = IASI: True
IASI,BUCURESTI,TORINO,STUTTGART,BERLIN CONTAINS IASI :True"
21-Oct-2018 04:11:20 PM,Info,"Writing vendor details into an excel."
21-Oct-2018 04:11:22 PM,Info,"Navigating to the dashboard."
21-Oct-2018 04:11:22 PM,Info,"----------------End : Processing vendor with TaxID :RO892123----------------"
21-Oct-2018 04:11:23 PM,Info,"----------------Start : Processing vendor with TaxID :RU567434----------------"
21-Oct-2018 04:11:25 PM,Info,"Searched result loaded :True"
21-Oct-2018 04:11:26 PM,Info,"Vendors details successfully retrieved."
21-Oct-2018 04:11:26 PM,Warn,"BusinessRule exception for transaction :2
Source : Throw - Second BusinessRule exception
Type :UiPath.Core.BusinessRuleException
Message :Second BusinessRule Exception: Vendor city not found in list.
StackTrace :   at UiPath.Core.Activities.InvokeWorkflowFile.EndExecute(AsyncCodeActivityContext context, IAsyncResult result)
   at System.Activities.AsyncCodeActivity.System.Activities.IAsyncCodeActivity.FinishExecution(AsyncCodeActivityContext context, IAsyncResult result)
   at System.Activities.AsyncCodeActivity.CompleteAsyncCodeActivityData.CompleteAsyncCodeActivityWorkItem.Execute(ActivityExecutor executor, BookmarkManager bookmarkManager)"
21-Oct-2018 04:11:28 PM,Info,"----------------Start : Processing vendor with TaxID :FR065748----------------"
21-Oct-2018 04:11:29 PM,Info,"Searched result loaded :True"
21-Oct-2018 04:11:30 PM,Info,"Vendors details successfully retrieved."
21-Oct-2018 04:11:30 PM,Warn,"BusinessRule exception for transaction :3
Source : Throw - Second BusinessRule exception
Type :UiPath.Core.BusinessRuleException
Message :Second BusinessRule Exception: Vendor city not found in list.
StackTrace :   at UiPath.Core.Activities.InvokeWorkflowFile.EndExecute(AsyncCodeActivityContext context, IAsyncResult result)
   at System.Activities.AsyncCodeActivity.System.Activities.IAsyncCodeActivity.FinishExecution(AsyncCodeActivityContext context, IAsyncResult result)
   at System.Activities.AsyncCodeActivity.CompleteAsyncCodeActivityData.CompleteAsyncCodeActivityWorkItem.Execute(ActivityExecutor executor, BookmarkManager bookmarkManager)"
21-Oct-2018 04:11:33 PM,Info,"----------------Start : Processing vendor with TaxID :RO094782----------------"
21-Oct-2018 04:11:34 PM,Info,"Searched result loaded :True"
21-Oct-2018 04:11:35 PM,Info,"Vendors details successfully retrieved."
21-Oct-2018 04:11:35 PM,Info,"Current = Extracted : Matched
MECATRONIC GROUP = MECATRONIC GROUP: True
BULEVARDUL UNIRII 11 = BULEVARDUL UNIRII 11: True
IASI = IASI: True
IASI,BUCURESTI,TORINO,STUTTGART,BERLIN CONTAINS IASI :True"
21-Oct-2018 04:11:35 PM,Info,"Writing vendor details into an excel."
21-Oct-2018 04:11:36 PM,Info,"Navigating to the dashboard."
21-Oct-2018 04:11:36 PM,Info,"----------------End : Processing vendor with TaxID :RO094782----------------"
21-Oct-2018 04:11:38 PM,Info,"----------------Start : Processing vendor with TaxID :IT231232----------------"
21-Oct-2018 04:11:39 PM,Info,"Searched result loaded :True"
21-Oct-2018 04:11:40 PM,Info,"Vendors details successfully retrieved."
21-Oct-2018 04:11:40 PM,Info,"Current = Extracted : Matched
IT WORKS = IT WORKS: True
VIA PROSSIMA 12 = VIA PROSSIMA 12: True
TORINO = TORINO: True
IASI,BUCURESTI,TORINO,STUTTGART,BERLIN CONTAINS TORINO :True"
21-Oct-2018 04:11:40 PM,Info,"Writing vendor details into an excel."
21-Oct-2018 04:11:41 PM,Info,"Navigating to the dashboard."
21-Oct-2018 04:11:41 PM,Info,"----------------End : Processing vendor with TaxID :IT231232----------------"
21-Oct-2018 04:11:42 PM,Info,"----------------Start : Processing vendor with TaxID :FR453231----------------"
21-Oct-2018 04:11:44 PM,Info,"Searched result loaded :True"
21-Oct-2018 04:11:45 PM,Info,"Vendors details successfully retrieved."
21-Oct-2018 04:11:45 PM,Warn,"BusinessRule exception for transaction :6
Source : Throw - Second BusinessRule exception
Type :UiPath.Core.BusinessRuleException
Message :Second BusinessRule Exception: Vendor city not found in list.
StackTrace :   at UiPath.Core.Activities.InvokeWorkflowFile.EndExecute(AsyncCodeActivityContext context, IAsyncResult result)
   at System.Activities.AsyncCodeActivity.System.Activities.IAsyncCodeActivity.FinishExecution(AsyncCodeActivityContext context, IAsyncResult result)
   at System.Activities.AsyncCodeActivity.CompleteAsyncCodeActivityData.CompleteAsyncCodeActivityWorkItem.Execute(ActivityExecutor executor, BookmarkManager bookmarkManager)"
21-Oct-2018 04:11:47 PM,Info,"----------------Start : Processing vendor with TaxID :DE987564----------------"
21-Oct-2018 04:11:48 PM,Info,"Searched result loaded :True"
21-Oct-2018 04:11:49 PM,Info,"Vendors details successfully retrieved."
21-Oct-2018 04:11:49 PM,Warn,"BusinessRule exception for transaction :7
Source : Throw - Second BusinessRule exception
Type :UiPath.Core.BusinessRuleException
Message :Second BusinessRule Exception: Vendor city not found in list.
StackTrace :   at UiPath.Core.Activities.InvokeWorkflowFile.EndExecute(AsyncCodeActivityContext context, IAsyncResult result)
   at System.Activities.AsyncCodeActivity.System.Activities.IAsyncCodeActivity.FinishExecution(AsyncCodeActivityContext context, IAsyncResult result)
   at System.Activities.AsyncCodeActivity.CompleteAsyncCodeActivityData.CompleteAsyncCodeActivityWorkItem.Execute(ActivityExecutor executor, BookmarkManager bookmarkManager)"
21-Oct-2018 04:11:51 PM,Info,"----------------Start : Processing vendor with TaxID :RO874232----------------"
21-Oct-2018 04:11:53 PM,Info,"Searched result loaded :True"
21-Oct-2018 04:11:54 PM,Info,"Vendors details successfully retrieved."
21-Oct-2018 04:11:54 PM,Info,"Current = Extracted : Matched
TELEPHONE SYSTEMS = TELEPHONE SYSTEMS: True
INTRAREA TELEFOANELOR 112 = INTRAREA TELEFOANELOR 112: True
BUCURESTI = BUCURESTI: True
IASI,BUCURESTI,TORINO,STUTTGART,BERLIN CONTAINS BUCURESTI :True"
21-Oct-2018 04:11:54 PM,Info,"Writing vendor details into an excel."
21-Oct-2018 04:11:55 PM,Info,"Navigating to the dashboard."
21-Oct-2018 04:11:55 PM,Info,"----------------End : Processing vendor with TaxID :RO874232----------------"
21-Oct-2018 04:11:56 PM,Info,"----------------Start : Processing vendor with TaxID :RO657483----------------"
21-Oct-2018 04:11:58 PM,Info,"Searched result loaded :True"
21-Oct-2018 04:11:59 PM,Info,"Vendors details successfully retrieved."
21-Oct-2018 04:11:59 PM,Warn,"BusinessRule exception for transaction :9
Source : Throw - Second BusinessRule exception
Type :UiPath.Core.BusinessRuleException
Message :Second BusinessRule Exception: Vendor city not found in list.
StackTrace :   at UiPath.Core.Activities.InvokeWorkflowFile.EndExecute(AsyncCodeActivityContext context, IAsyncResult result)
   at System.Activities.AsyncCodeActivity.System.Activities.IAsyncCodeActivity.FinishExecution(AsyncCodeActivityContext context, IAsyncResult result)
   at System.Activities.AsyncCodeActivity.CompleteAsyncCodeActivityData.CompleteAsyncCodeActivityWorkItem.Execute(ActivityExecutor executor, BookmarkManager bookmarkManager)"
21-Oct-2018 04:12:01 PM,Info,"----------------Start : Processing vendor with TaxID :DE767565----------------"
21-Oct-2018 04:12:02 PM,Info,"Searched result loaded :True"
21-Oct-2018 04:12:03 PM,Info,"Vendors details successfully retrieved."
21-Oct-2018 04:12:04 PM,Warn,"BusinessRule exception for transaction :10
Source : Throw - Second BusinessRule exception
Type :UiPath.Core.BusinessRuleException
Message :Second BusinessRule Exception: Vendor city not found in list.
StackTrace :   at UiPath.Core.Activities.InvokeWorkflowFile.EndExecute(AsyncCodeActivityContext context, IAsyncResult result)
   at System.Activities.AsyncCodeActivity.System.Activities.IAsyncCodeActivity.FinishExecution(AsyncCodeActivityContext context, IAsyncResult result)
   at System.Activities.AsyncCodeActivity.CompleteAsyncCodeActivityData.CompleteAsyncCodeActivityWorkItem.Execute(ActivityExecutor executor, BookmarkManager bookmarkManager)"
21-Oct-2018 04:12:06 PM,Info,"----------------Start : Processing vendor with TaxID :IT213456----------------"
21-Oct-2018 04:12:07 PM,Info,"Searched result loaded :True"
21-Oct-2018 04:12:08 PM,Info,"Vendors details successfully retrieved."
21-Oct-2018 04:12:08 PM,Warn,"BusinessRule exception for transaction :11
Source : Throw - Second BusinessRule exception
Type :UiPath.Core.BusinessRuleException
Message :Second BusinessRule Exception: Vendor city not found in list.
StackTrace :   at UiPath.Core.Activities.InvokeWorkflowFile.EndExecute(AsyncCodeActivityContext context, IAsyncResult result)
   at System.Activities.AsyncCodeActivity.System.Activities.IAsyncCodeActivity.FinishExecution(AsyncCodeActivityContext context, IAsyncResult result)
   at System.Activities.AsyncCodeActivity.CompleteAsyncCodeActivityData.CompleteAsyncCodeActivityWorkItem.Execute(ActivityExecutor executor, BookmarkManager bookmarkManager)"
21-Oct-2018 04:12:10 PM,Info,"----------------Start : Processing vendor with TaxID :RO254678----------------"
21-Oct-2018 04:12:12 PM,Info,"Searched result loaded :True"
21-Oct-2018 04:12:13 PM,Info,"Vendors details successfully retrieved."
21-Oct-2018 04:12:13 PM,Warn,"BusinessRule exception for transaction :12
Source : Throw - Second BusinessRule exception
Type :UiPath.Core.BusinessRuleException
Message :Second BusinessRule Exception: Vendor city not found in list.
StackTrace :   at UiPath.Core.Activities.InvokeWorkflowFile.EndExecute(AsyncCodeActivityContext context, IAsyncResult result)
   at System.Activities.AsyncCodeActivity.System.Activities.IAsyncCodeActivity.FinishExecution(AsyncCodeActivityContext context, IAsyncResult result)
   at System.Activities.AsyncCodeActivity.CompleteAsyncCodeActivityData.CompleteAsyncCodeActivityWorkItem.Execute(ActivityExecutor executor, BookmarkManager bookmarkManager)"
21-Oct-2018 04:12:15 PM,Info,"----------------Start : Processing vendor with TaxID :FR322345----------------"
21-Oct-2018 04:12:16 PM,Info,"Searched result loaded :True"
21-Oct-2018 04:12:18 PM,Info,"Vendors details successfully retrieved."
21-Oct-2018 04:12:18 PM,Warn,"BusinessRule exception for transaction :13
Source : Throw - Second BusinessRule exception
Type :UiPath.Core.BusinessRuleException
Message :Second BusinessRule Exception: Vendor city not found in list.
StackTrace :   at UiPath.Core.Activities.InvokeWorkflowFile.EndExecute(AsyncCodeActivityContext context, IAsyncResult result)
   at System.Activities.AsyncCodeActivity.System.Activities.IAsyncCodeActivity.FinishExecution(AsyncCodeActivityContext context, IAsyncResult result)
   at System.Activities.AsyncCodeActivity.CompleteAsyncCodeActivityData.CompleteAsyncCodeActivityWorkItem.Execute(ActivityExecutor executor, BookmarkManager bookmarkManager)"
21-Oct-2018 04:12:20 PM,Info,"----------------Start : Processing vendor with TaxID :RO125678----------------"
21-Oct-2018 04:12:21 PM,Info,"Searched result loaded :True"
21-Oct-2018 04:12:22 PM,Info,"Vendors details successfully retrieved."
21-Oct-2018 04:12:22 PM,Info,"Current = Extracted : Matched
OFFICE SUPPLIES = OFFICE SUPPLIES: True
BULEVARDUL PAPETARIEI 57 = BULEVARDUL PAPETARIEI 57: True
BUCURESTI = BUCURESTI: True
IASI,BUCURESTI,TORINO,STUTTGART,BERLIN CONTAINS BUCURESTI :True"
21-Oct-2018 04:12:22 PM,Info,"Writing vendor details into an excel."
21-Oct-2018 04:12:23 PM,Info,"Navigating to the dashboard."
21-Oct-2018 04:12:23 PM,Info,"----------------End : Processing vendor with TaxID :RO125678----------------"
21-Oct-2018 04:12:25 PM,Info,"----------------Start : Processing vendor with TaxID :FR329083----------------"
21-Oct-2018 04:12:26 PM,Info,"Searched result loaded :True"
21-Oct-2018 04:12:27 PM,Info,"Vendors details successfully retrieved."
21-Oct-2018 04:12:27 PM,Warn,"BusinessRule exception for transaction :15
Source : Throw - Second BusinessRule exception
Type :UiPath.Core.BusinessRuleException
Message :Second BusinessRule Exception: Vendor city not found in list.
StackTrace :   at UiPath.Core.Activities.InvokeWorkflowFile.EndExecute(AsyncCodeActivityContext context, IAsyncResult result)
   at System.Activities.AsyncCodeActivity.System.Activities.IAsyncCodeActivity.FinishExecution(AsyncCodeActivityContext context, IAsyncResult result)
   at System.Activities.AsyncCodeActivity.CompleteAsyncCodeActivityData.CompleteAsyncCodeActivityWorkItem.Execute(ActivityExecutor executor, BookmarkManager bookmarkManager)"
21-Oct-2018 04:12:29 PM,Info,"----------------Start : Processing vendor with TaxID :DE763212----------------"
21-Oct-2018 04:12:30 PM,Info,"Searched result loaded :True"
21-Oct-2018 04:12:32 PM,Info,"Vendors details successfully retrieved."
21-Oct-2018 04:12:32 PM,Info,"Current = Extracted : Matched
TECHNOLOGY LAKE = TECHNOLOGY LAKE: True
HAUPTBAHNHOFF STRASSE 21 = HAUPTBAHNHOFF STRASSE 21: True
STUTTGART = STUTTGART: True
IASI,BUCURESTI,TORINO,STUTTGART,BERLIN CONTAINS STUTTGART :True"
21-Oct-2018 04:12:32 PM,Info,"Writing vendor details into an excel."
21-Oct-2018 04:12:33 PM,Info,"Navigating to the dashboard."
21-Oct-2018 04:12:33 PM,Info,"----------------End : Processing vendor with TaxID :DE763212----------------"
21-Oct-2018 04:12:34 PM,Info,"----------------Start : Processing vendor with TaxID :RO123456----------------"
21-Oct-2018 04:12:35 PM,Info,"Searched result loaded :True"
21-Oct-2018 04:12:37 PM,Info,"Vendors details successfully retrieved."
21-Oct-2018 04:12:37 PM,Info,"Current = Extracted : Matched
GODMOTHER CATERING = GODMOTHER CATERING: True
STRADA FLAMANDA 45 = STRADA FLAMANDA 45: True
BUCURESTI = BUCURESTI: True
IASI,BUCURESTI,TORINO,STUTTGART,BERLIN CONTAINS BUCURESTI :True"
21-Oct-2018 04:12:37 PM,Info,"Writing vendor details into an excel."
21-Oct-2018 04:12:38 PM,Info,"Navigating to the dashboard."
21-Oct-2018 04:12:38 PM,Info,"----------------End : Processing vendor with TaxID :RO123456----------------"