Date/Time,Type,Message
21-Oct-2018 04:21:08 PM,Info,"Killing all excel & IE browser instances."
21-Oct-2018 04:21:12 PM,Info,"IE browser opened with ACME site."
21-Oct-2018 04:21:13 PM,Info,"Credentials successfully retrieved."
21-Oct-2018 04:21:17 PM,Info,"Login is successfull. Dashboard is opened."
21-Oct-2018 04:21:22 PM,Info,"Vendors details extracted from table. Total vendors :18"
21-Oct-2018 04:21:23 PM,Info,"Output excel file is opened & saved into a variable."
21-Oct-2018 04:21:25 PM,Info,"----------------Start : Processing vendor with TaxID :FR121212----------------"
21-Oct-2018 04:21:27 PM,Info,"Searched result loaded :True"
21-Oct-2018 04:21:28 PM,Info,"Vendors details successfully retrieved."
21-Oct-2018 04:21:28 PM,Info,"Current = Extracted : Matched
LIMITED ADVENTURE = LIMITED ADVENTURE: True
AVENUE MARCHEARIERE 18 = AVENUE MARCHEARIERE 18: True
PARIS = PARIS: True"
21-Oct-2018 04:21:28 PM,Info,"IASI,BUCURESTI,TORINO,STUTTGART,BERLIN CONTAINS PARIS :False"
21-Oct-2018 04:21:28 PM,Warn,"BusinessRule exception for transaction :1
Message :Second BusinessRule Exception: Vendor city not found in list."
21-Oct-2018 04:21:29 PM,Info,"----------------End : Processing vendor with TaxID :FR121212----------------"
21-Oct-2018 04:21:31 PM,Info,"----------------Start : Processing vendor with TaxID :RO892123----------------"
21-Oct-2018 04:21:33 PM,Info,"Searched result loaded :True"
21-Oct-2018 04:21:35 PM,Info,"Vendors details successfully retrieved."
21-Oct-2018 04:21:35 PM,Info,"Current = Extracted : Matched
STAR SOFTWARE = STAR SOFTWARE: True
ALEEA ROZELOR 84 = ALEEA ROZELOR 84: True
IASI = IASI: True"
21-Oct-2018 04:21:35 PM,Info,"IASI,BUCURESTI,TORINO,STUTTGART,BERLIN CONTAINS IASI :True"
21-Oct-2018 04:21:35 PM,Info,"Writing vendor details into an excel."
21-Oct-2018 04:21:36 PM,Info,"Navigating to the dashboard."
21-Oct-2018 04:21:37 PM,Info,"----------------End : Processing vendor with TaxID :RO892123----------------"
21-Oct-2018 04:21:38 PM,Info,"----------------Start : Processing vendor with TaxID :RU567434----------------"
21-Oct-2018 04:21:40 PM,Info,"Searched result loaded :True"
21-Oct-2018 04:21:41 PM,Info,"Vendors details successfully retrieved."
21-Oct-2018 04:21:41 PM,Info,"Current = Extracted : Matched
RED COMMUNICATIONS = RED COMMUNICATIONS: True
POBEDA ULITSA 21 = POBEDA ULITSA 21: True
MOSCOW = MOSCOW: True"
21-Oct-2018 04:21:41 PM,Info,"IASI,BUCURESTI,TORINO,STUTTGART,BERLIN CONTAINS MOSCOW :False"
21-Oct-2018 04:21:41 PM,Warn,"BusinessRule exception for transaction :3
Message :Second BusinessRule Exception: Vendor city not found in list."
21-Oct-2018 04:21:42 PM,Info,"----------------End : Processing vendor with TaxID :RU567434----------------"
21-Oct-2018 04:21:44 PM,Info,"----------------Start : Processing vendor with TaxID :FR065748----------------"
21-Oct-2018 04:21:45 PM,Info,"Searched result loaded :True"
21-Oct-2018 04:21:47 PM,Info,"Vendors details successfully retrieved."
21-Oct-2018 04:21:47 PM,Info,"Current = Extracted : Matched
SOFTIX PROVIDERS = SOFTIX PROVIDERS: True
RUE HAUTE 32 = RUE HAUTE 32: True
LYON = LYON: True"
21-Oct-2018 04:21:47 PM,Info,"IASI,BUCURESTI,TORINO,STUTTGART,BERLIN CONTAINS LYON :False"
21-Oct-2018 04:21:47 PM,Warn,"BusinessRule exception for transaction :4
Message :Second BusinessRule Exception: Vendor city not found in list."
21-Oct-2018 04:21:48 PM,Info,"----------------End : Processing vendor with TaxID :FR065748----------------"
21-Oct-2018 04:21:50 PM,Info,"----------------Start : Processing vendor with TaxID :RO094782----------------"
21-Oct-2018 04:21:51 PM,Info,"Searched result loaded :True"
21-Oct-2018 04:21:52 PM,Info,"Vendors details successfully retrieved."
21-Oct-2018 04:21:52 PM,Info,"Current = Extracted : Matched
MECATRONIC GROUP = MECATRONIC GROUP: True
BULEVARDUL UNIRII 11 = BULEVARDUL UNIRII 11: True
IASI = IASI: True"
21-Oct-2018 04:21:52 PM,Info,"IASI,BUCURESTI,TORINO,STUTTGART,BERLIN CONTAINS IASI :True"
21-Oct-2018 04:21:53 PM,Info,"Writing vendor details into an excel."
21-Oct-2018 04:21:54 PM,Info,"Navigating to the dashboard."
21-Oct-2018 04:21:54 PM,Info,"----------------End : Processing vendor with TaxID :RO094782----------------"
21-Oct-2018 04:21:56 PM,Info,"----------------Start : Processing vendor with TaxID :IT231232----------------"
21-Oct-2018 04:21:57 PM,Info,"Searched result loaded :True"
21-Oct-2018 04:21:58 PM,Info,"Vendors details successfully retrieved."
21-Oct-2018 04:21:58 PM,Info,"Current = Extracted : Matched
IT WORKS = IT WORKS: True
VIA PROSSIMA 12 = VIA PROSSIMA 12: True
TORINO = TORINO: True"
21-Oct-2018 04:21:58 PM,Info,"IASI,BUCURESTI,TORINO,STUTTGART,BERLIN CONTAINS TORINO :True"
21-Oct-2018 04:21:58 PM,Info,"Writing vendor details into an excel."
21-Oct-2018 04:22:00 PM,Info,"Navigating to the dashboard."
21-Oct-2018 04:22:00 PM,Info,"----------------End : Processing vendor with TaxID :IT231232----------------"
21-Oct-2018 04:22:02 PM,Info,"----------------Start : Processing vendor with TaxID :FR453231----------------"
21-Oct-2018 04:22:03 PM,Info,"Searched result loaded :True"
21-Oct-2018 04:22:05 PM,Info,"Vendors details successfully retrieved."
21-Oct-2018 04:22:05 PM,Info,"Current = Extracted : Matched
MINITRONIC SYSTEMS = MINITRONIC SYSTEMS: True
RUE SAINT DENIS 68 = RUE SAINT DENIS 68: True
PARIS = PARIS: True"
21-Oct-2018 04:22:05 PM,Info,"IASI,BUCURESTI,TORINO,STUTTGART,BERLIN CONTAINS PARIS :False"
21-Oct-2018 04:22:05 PM,Warn,"BusinessRule exception for transaction :7
Message :Second BusinessRule Exception: Vendor city not found in list."
21-Oct-2018 04:22:06 PM,Info,"----------------End : Processing vendor with TaxID :FR453231----------------"
21-Oct-2018 04:22:08 PM,Info,"----------------Start : Processing vendor with TaxID :DE987564----------------"
21-Oct-2018 04:22:09 PM,Info,"Searched result loaded :True"
21-Oct-2018 04:22:10 PM,Info,"Vendors details successfully retrieved."
21-Oct-2018 04:22:10 PM,Info,"Current = Extracted : Matched
MORETRONIC INTELLIGENCE = MORETRONIC INTELLIGENCE: True
BAUHAUS STRASSE 21 = BAUHAUS STRASSE 21: True
MUNCHEN = MUNCHEN: True"
21-Oct-2018 04:22:10 PM,Info,"IASI,BUCURESTI,TORINO,STUTTGART,BERLIN CONTAINS MUNCHEN :False"
21-Oct-2018 04:22:11 PM,Warn,"BusinessRule exception for transaction :8
Message :Second BusinessRule Exception: Vendor city not found in list."
21-Oct-2018 04:22:11 PM,Info,"----------------End : Processing vendor with TaxID :DE987564----------------"
21-Oct-2018 04:22:13 PM,Info,"----------------Start : Processing vendor with TaxID :RO874232----------------"
21-Oct-2018 04:22:15 PM,Info,"Searched result loaded :True"
21-Oct-2018 04:22:16 PM,Info,"Vendors details successfully retrieved."
21-Oct-2018 04:22:16 PM,Info,"Current = Extracted : Matched
TELEPHONE SYSTEMS = TELEPHONE SYSTEMS: True
INTRAREA TELEFOANELOR 112 = INTRAREA TELEFOANELOR 112: True
BUCURESTI = BUCURESTI: True"
21-Oct-2018 04:22:16 PM,Info,"IASI,BUCURESTI,TORINO,STUTTGART,BERLIN CONTAINS BUCURESTI :True"
21-Oct-2018 04:22:16 PM,Info,"Writing vendor details into an excel."
21-Oct-2018 04:22:17 PM,Info,"Navigating to the dashboard."
21-Oct-2018 04:22:18 PM,Info,"----------------End : Processing vendor with TaxID :RO874232----------------"
21-Oct-2018 04:22:19 PM,Info,"----------------Start : Processing vendor with TaxID :RO657483----------------"
21-Oct-2018 04:22:21 PM,Info,"Searched result loaded :True"
21-Oct-2018 04:22:22 PM,Info,"Vendors details successfully retrieved."
21-Oct-2018 04:22:22 PM,Info,"Current = Extracted : Matched
CLIPBOARD PAPERS = CLIPBOARD PAPERS: True
STRADA AGRAFEI 67 = STRADA AGRAFEI 67: True
BRASOV = BRASOV: True"
21-Oct-2018 04:22:22 PM,Info,"IASI,BUCURESTI,TORINO,STUTTGART,BERLIN CONTAINS BRASOV :False"
21-Oct-2018 04:22:22 PM,Warn,"BusinessRule exception for transaction :10
Message :Second BusinessRule Exception: Vendor city not found in list."
21-Oct-2018 04:22:23 PM,Info,"----------------End : Processing vendor with TaxID :RO657483----------------"
21-Oct-2018 04:22:25 PM,Info,"----------------Start : Processing vendor with TaxID :DE767565----------------"
21-Oct-2018 04:22:26 PM,Info,"Searched result loaded :True"
21-Oct-2018 04:22:27 PM,Info,"Vendors details successfully retrieved."
21-Oct-2018 04:22:28 PM,Info,"Current = Extracted : Matched
MAXITRONIC LIMITED = MAXITRONIC LIMITED: True
BINGAUER STRASSE 45 = BINGAUER STRASSE 45: True
KOLN = KOLN: True"
21-Oct-2018 04:22:28 PM,Info,"IASI,BUCURESTI,TORINO,STUTTGART,BERLIN CONTAINS KOLN :False"
21-Oct-2018 04:22:28 PM,Warn,"BusinessRule exception for transaction :11
Message :Second BusinessRule Exception: Vendor city not found in list."
21-Oct-2018 04:22:29 PM,Info,"----------------End : Processing vendor with TaxID :DE767565----------------"
21-Oct-2018 04:22:30 PM,Info,"----------------Start : Processing vendor with TaxID :IT213456----------------"
21-Oct-2018 04:22:32 PM,Info,"Searched result loaded :True"
21-Oct-2018 04:22:33 PM,Info,"Vendors details successfully retrieved."
21-Oct-2018 04:22:33 PM,Info,"Current = Extracted : Matched
MICROTRONIC ENTERPRISE = MICROTRONIC ENTERPRISE: True
VIA ALTA 32 = VIA ALTA 32: True
ROMA = ROMA: True"
21-Oct-2018 04:22:33 PM,Info,"IASI,BUCURESTI,TORINO,STUTTGART,BERLIN CONTAINS ROMA :False"
21-Oct-2018 04:22:33 PM,Warn,"BusinessRule exception for transaction :12
Message :Second BusinessRule Exception: Vendor city not found in list."
21-Oct-2018 04:22:34 PM,Info,"----------------End : Processing vendor with TaxID :IT213456----------------"
21-Oct-2018 04:22:36 PM,Info,"----------------Start : Processing vendor with TaxID :RO254678----------------"
21-Oct-2018 04:22:38 PM,Info,"Searched result loaded :True"
21-Oct-2018 04:22:39 PM,Info,"Vendors details successfully retrieved."
21-Oct-2018 04:22:39 PM,Info,"Current = Extracted : Matched
SOFTLOAD EXPORT = SOFTLOAD EXPORT: True
STRADA LUNGA 189 = STRADA LUNGA 189: True
BRASOV = BRASOV: True"
21-Oct-2018 04:22:39 PM,Info,"IASI,BUCURESTI,TORINO,STUTTGART,BERLIN CONTAINS BRASOV :False"
21-Oct-2018 04:22:39 PM,Warn,"BusinessRule exception for transaction :13
Message :Second BusinessRule Exception: Vendor city not found in list."
21-Oct-2018 04:22:40 PM,Info,"----------------End : Processing vendor with TaxID :RO254678----------------"
21-Oct-2018 04:22:42 PM,Info,"----------------Start : Processing vendor with TaxID :FR322345----------------"
21-Oct-2018 04:22:43 PM,Info,"Searched result loaded :True"
21-Oct-2018 04:22:45 PM,Info,"Vendors details successfully retrieved."
21-Oct-2018 04:22:45 PM,Info,"Current = Extracted : Matched
MIDITRONIC TECHNOLOGIES = MIDITRONIC TECHNOLOGIES: True
AVENUE LAFARGE 23 = AVENUE LAFARGE 23: True
GRENOBLE = GRENOBLE: True"
21-Oct-2018 04:22:45 PM,Info,"IASI,BUCURESTI,TORINO,STUTTGART,BERLIN CONTAINS GRENOBLE :False"
21-Oct-2018 04:22:45 PM,Warn,"BusinessRule exception for transaction :14
Message :Second BusinessRule Exception: Vendor city not found in list."
21-Oct-2018 04:22:46 PM,Info,"----------------End : Processing vendor with TaxID :FR322345----------------"
21-Oct-2018 04:22:47 PM,Info,"----------------Start : Processing vendor with TaxID :RO125678----------------"
21-Oct-2018 04:22:49 PM,Info,"Searched result loaded :True"
21-Oct-2018 04:22:50 PM,Info,"Vendors details successfully retrieved."
21-Oct-2018 04:22:50 PM,Info,"Current = Extracted : Matched
OFFICE SUPPLIES = OFFICE SUPPLIES: True
BULEVARDUL PAPETARIEI 57 = BULEVARDUL PAPETARIEI 57: True
BUCURESTI = BUCURESTI: True"
21-Oct-2018 04:22:50 PM,Info,"IASI,BUCURESTI,TORINO,STUTTGART,BERLIN CONTAINS BUCURESTI :True"
21-Oct-2018 04:22:50 PM,Info,"Writing vendor details into an excel."
21-Oct-2018 04:22:51 PM,Info,"Navigating to the dashboard."
21-Oct-2018 04:22:51 PM,Info,"----------------End : Processing vendor with TaxID :RO125678----------------"
21-Oct-2018 04:22:53 PM,Info,"----------------Start : Processing vendor with TaxID :FR329083----------------"
21-Oct-2018 04:22:54 PM,Info,"Searched result loaded :True"
21-Oct-2018 04:22:55 PM,Info,"Vendors details successfully retrieved."
21-Oct-2018 04:22:55 PM,Info,"Current = Extracted : Matched
BLUE LAGOON = BLUE LAGOON: True
AVENUE FOCH 28 = AVENUE FOCH 28: True
PARIS = PARIS: True"
21-Oct-2018 04:22:55 PM,Info,"IASI,BUCURESTI,TORINO,STUTTGART,BERLIN CONTAINS PARIS :False"
21-Oct-2018 04:22:56 PM,Warn,"BusinessRule exception for transaction :16
Message :Second BusinessRule Exception: Vendor city not found in list."
21-Oct-2018 04:22:57 PM,Info,"----------------End : Processing vendor with TaxID :FR329083----------------"
21-Oct-2018 04:22:58 PM,Info,"----------------Start : Processing vendor with TaxID :DE763212----------------"
21-Oct-2018 04:23:00 PM,Info,"Searched result loaded :True"
21-Oct-2018 04:23:01 PM,Info,"Vendors details successfully retrieved."
21-Oct-2018 04:23:01 PM,Info,"Current = Extracted : Matched
TECHNOLOGY LAKE = TECHNOLOGY LAKE: True
HAUPTBAHNHOFF STRASSE 21 = HAUPTBAHNHOFF STRASSE 21: True
STUTTGART = STUTTGART: True"
21-Oct-2018 04:23:01 PM,Info,"IASI,BUCURESTI,TORINO,STUTTGART,BERLIN CONTAINS STUTTGART :True"
21-Oct-2018 04:23:01 PM,Info,"Writing vendor details into an excel."
21-Oct-2018 04:23:02 PM,Info,"Navigating to the dashboard."
21-Oct-2018 04:23:02 PM,Info,"----------------End : Processing vendor with TaxID :DE763212----------------"
21-Oct-2018 04:23:04 PM,Info,"----------------Start : Processing vendor with TaxID :RO123456----------------"
21-Oct-2018 04:23:06 PM,Info,"Searched result loaded :True"
21-Oct-2018 04:23:07 PM,Info,"Vendors details successfully retrieved."
21-Oct-2018 04:23:07 PM,Info,"Current = Extracted : Matched
GODMOTHER CATERING = GODMOTHER CATERING: True
STRADA FLAMANDA 45 = STRADA FLAMANDA 45: True
BUCURESTI = BUCURESTI: True"
21-Oct-2018 04:23:07 PM,Info,"IASI,BUCURESTI,TORINO,STUTTGART,BERLIN CONTAINS BUCURESTI :True"
21-Oct-2018 04:23:07 PM,Info,"Writing vendor details into an excel."
21-Oct-2018 04:23:08 PM,Info,"Navigating to the dashboard."
21-Oct-2018 04:23:08 PM,Info,"----------------End : Processing vendor with TaxID :RO123456----------------"