﻿ProcessingStartedTimeStamp,ProcessingEndedTimeStamp,ProcessingTimeInSeconds,EmailReceivedTimeStamp,Supplier,Reference,SupplierEmail,MatchingStatus,Status
05/12/2021 23:31:59,05/12/2021 23:34:59,180,05/12/2021 20:27:19,TUI,13392622,email@customerservices.tui.co.uk,Unprocessed,Failed
05/12/2021 23:02:08,05/12/2021 23:02:25,17,05/10/2021 20:00:49,HOSEASONS,23078991,invoices@hoseasons.co.uk,Booking Not Found,Failed
05/12/2021 23:01:27,05/12/2021 23:01:45,18,05/10/2021 20:00:49,HOSEASONS,23078854,invoices@hoseasons.co.uk,Booking Not Found,Failed
05/12/2021 22:48:38,05/12/2021 22:49:58,80,05/12/2021 19:43:42,TUI,13392546,email@customerservices.tui.co.uk,Matched,Successful
05/12/2021 22:34:06,05/12/2021 22:35:11,65,05/12/2021 19:06:22,HOSEASONS,23250093,invoices@hoseasons.co.uk,Query,Successful
05/12/2021 22:32:13,05/12/2021 22:33:08,55,05/10/2021 19:06:30,JET2,8342503/S21H,reservations@jet2holidays.com,Booking Not Found,Failed
05/12/2021 22:31:16,05/12/2021 22:31:52,36,05/10/2021 19:06:19,TUI,11625617,email@customerservices.tui.co.uk,Booking Not Found,Failed
05/12/2021 22:02:32,05/12/2021 22:03:27,55,05/12/2021 18:56:52,EASYJET,1770178,donotreply@easyjet.com,Query,Successful
05/12/2021 21:33:37,05/12/2021 21:35:14,97,05/12/2021 18:07:35,JET2,8347183/S21H,reservations@jet2holidays.com,Matched,Successful
05/12/2021 21:32:02,05/12/2021 21:33:15,73,05/12/2021 18:09:58,HOSEASONS,23249534,invoices@hoseasons.co.uk,Query,Successful
05/12/2021 20:48:51,05/12/2021 20:50:13,82,05/12/2021 17:44:49,JET2,8347123/S21H,reservations@jet2holidays.com,Matched,Successful
05/12/2021 20:46:54,05/12/2021 20:48:28,94,05/12/2021 17:36:21,JET2,8347103/S22H,reservations@jet2holidays.com,Query,Successful
05/12/2021 20:33:51,05/12/2021 20:35:13,82,05/12/2021 17:04:48,JET2,8346946/S22H,reservations@jet2holidays.com,Matched,Successful
05/12/2021 20:31:26,05/12/2021 20:32:49,83,05/10/2021 17:09:57,JET2,8342173/S21H,reservations@jet2holidays.com,Matched,Successful
05/12/2021 19:49:05,05/12/2021 19:50:28,83,05/12/2021 16:29:46,JET2,8346946/S22H,reservations@jet2holidays.com,Query,Successful
05/12/2021 19:46:37,05/12/2021 19:47:28,51,05/10/2021 16:45:38,JET2,7412283/S21H,reservations@jet2holidays.com,Booking Not Found,Failed
05/12/2021 19:45:21,05/12/2021 19:46:14,53,05/12/2021 16:40:37,EASYJET,1792580,donotreply@easyjet.com,Query,Successful
05/12/2021 19:36:28,05/12/2021 19:37:16,48,05/12/2021 16:35:34,EASYJET,1792517,donotreply@easyjet.com,Query,Successful
05/12/2021 19:34:32,05/12/2021 19:35:54,82,05/12/2021 16:25:42,JET2,8346930/S22H,reservations@jet2holidays.com,Query,Successful
05/12/2021 19:32:45,05/12/2021 19:34:09,84,05/12/2021 16:14:23,JET2,8346816/S22H,reservations@jet2holidays.com,Query,Successful
05/12/2021 19:21:13,05/12/2021 19:22:25,72,05/12/2021 16:05:45,TUI,11434158,email@customerservices.tui.co.uk,Unprocessed,Failed
05/12/2021 19:20:04,05/12/2021 19:20:51,47,05/12/2021 15:59:54,EASYJET,1792386,donotreply@easyjet.com,Query,Successful
05/12/2021 19:18:52,05/12/2021 19:19:41,49,05/12/2021 15:56:51,EASYJET,1300839,donotreply@easyjet.com,Query,Successful
05/12/2021 19:17:41,05/12/2021 19:18:29,48,05/12/2021 15:41:50,EASYJET,1792284,donotreply@easyjet.com,Query,Successful
05/12/2021 19:16:10,05/12/2021 19:17:12,62,05/12/2021 15:52:12,JET2,7475518/S21H,reservations@jet2holidays.com,Unprocessed,Failed
05/12/2021 19:14:46,05/12/2021 19:15:47,61,05/12/2021 15:51:42,JET2,7475518/S21H,reservations@jet2holidays.com,Unprocessed,Failed
05/12/2021 19:13:03,05/12/2021 19:14:22,79,05/12/2021 15:53:21,JET2,7475518/S21H,reservations@jet2holidays.com,Query,Successful
05/12/2021 19:11:49,05/12/2021 19:12:40,51,05/10/2021 16:11:17,JET2,7415599/S21H,reservations@jet2holidays.com,Booking Not Found,Failed
05/12/2021 19:10:04,05/12/2021 19:11:25,81,05/12/2021 15:46:21,JET2,8346816/S22H,reservations@jet2holidays.com,Query,Successful
05/12/2021 19:08:10,05/12/2021 19:09:38,88,05/12/2021 15:40:09,JET2,8346797/W21H,reservations@jet2holidays.com,Matched,Successful
05/12/2021 19:06:46,05/12/2021 19:07:48,62,05/12/2021 15:36:35,JET2,8158087/S21H,reservations@jet2holidays.com,Unprocessed,Failed
05/12/2021 19:03:50,05/12/2021 19:05:13,83,05/12/2021 15:38:39,JET2,8301510/S21H,reservations@jet2holidays.com,Query,Successful
05/12/2021 19:02:37,05/12/2021 19:03:12,35,05/10/2021 16:01:36,TUI,12380546,email@customerservices.tui.co.uk,Booking Not Found,Failed
05/12/2021 19:01:36,05/12/2021 19:02:12,36,05/10/2021 15:56:02,TUI,12380546,email@customerservices.tui.co.uk,Booking Not Found,Failed
05/12/2021 19:00:10,05/12/2021 19:01:13,63,05/10/2021 15:53:15,JET2,8339710/S22H,reservations@jet2holidays.com,Unprocessed,Failed
05/12/2021 18:37:36,05/12/2021 18:38:35,59,05/10/2021 15:36:41,JET2,8339458/S22H,reservations@jet2holidays.com,Unprocessed,Failed
05/12/2021 18:33:33,05/12/2021 18:34:52,79,05/12/2021 15:17:25,HOSEASONS,22256519,invoices@hoseasons.co.uk,Query,Successful
05/12/2021 18:31:09,05/12/2021 18:31:44,35,05/10/2021 15:20:41,TUI,11799614,email@customerservices.tui.co.uk,Booking Not Found,Failed
05/12/2021 18:14:35,05/12/2021 18:15:26,51,05/10/2021 15:05:29,JET2,7392056/S21H,reservations@jet2holidays.com,Booking Not Found,Failed
05/12/2021 18:01:11,05/12/2021 18:02:07,56,05/12/2021 14:57:57,HOSEASONS,23246883,invoices@hoseasons.co.uk,Query,Successful
05/12/2021 17:59:07,05/12/2021 18:00:45,98,05/12/2021 14:46:48,JET2,8346611/S21H,reservations@jet2holidays.com,Matched,Successful
05/12/2021 17:35:35,05/12/2021 17:37:04,89,05/12/2021 14:17:08,JET2,8346520/S21H,reservations@jet2holidays.com,Matched,Successful
05/12/2021 17:32:54,05/12/2021 17:33:57,63,05/12/2021 14:10:56,JET2,8191723/S21H,reservations@jet2holidays.com,Unprocessed,Failed
05/12/2021 17:31:20,05/12/2021 17:32:27,67,05/12/2021 14:24:16,JET2,7483039/S21H,reservations@jet2holidays.com,Unprocessed,Failed
05/12/2021 17:17:26,05/12/2021 17:18:27,61,05/12/2021 14:16:02,JET2,7520873/S21H,reservations@jet2holidays.com,Unprocessed,Failed
05/12/2021 17:15:57,05/12/2021 17:17:02,65,05/12/2021 13:58:08,JET2,8191037/S21H,reservations@jet2holidays.com,Unprocessed,Failed
05/12/2021 17:13:34,05/12/2021 17:14:23,49,05/10/2021 14:06:14,JET2,7415498/S21H,reservations@jet2holidays.com,Booking Not Found,Failed
05/12/2021 17:00:24,05/12/2021 17:01:50,86,05/12/2021 13:57:51,JET2,8346462/W21H,reservations@jet2holidays.com,Matched,Successful
05/12/2021 16:19:16,05/12/2021 16:20:49,93,05/12/2021 13:11:33,JET2,8346291/S22H,reservations@jet2holidays.com,Query,Successful
05/12/2021 16:17:52,05/12/2021 16:18:53,61,05/12/2021 13:09:34,HOSEASONS,23246883,invoices@hoseasons.co.uk,Query,Successful
05/12/2021 16:16:09,05/12/2021 16:17:26,77,05/12/2021 12:56:57,TUI,12594124,email@customerservices.tui.co.uk,Query,Successful
05/12/2021 16:13:52,05/12/2021 16:15:09,77,05/12/2021 13:06:50,TUI,12472193,email@customerservices.tui.co.uk,Query,Successful
05/12/2021 16:12:28,05/12/2021 16:13:30,62,05/12/2021 13:06:22,JET2,8158046/S21H,reservations@jet2holidays.com,Unprocessed,Failed
05/12/2021 16:03:44,05/12/2021 16:05:07,83,05/12/2021 12:47:48,JET2,8346230/S22H,reservations@jet2holidays.com,Query,Successful
05/12/2021 16:03:02,05/12/2021 16:03:21,19,05/10/2021 13:02:18,HOSEASONS,23224886,invoices@hoseasons.co.uk,Booking Not Found,Failed
05/12/2021 16:01:48,05/12/2021 16:02:39,51,05/12/2021 12:42:21,EASYJET,1300839,donotreply@easyjet.com,Query,Successful
05/12/2021 16:00:19,05/12/2021 16:01:23,64,05/12/2021 12:41:35,JET2,8028276/S21H,reservations@jet2holidays.com,Unprocessed,Failed
05/12/2021 15:58:30,05/12/2021 15:59:55,85,05/12/2021 12:48:17,JET2,8346236/S22H,reservations@jet2holidays.com,Matched,Successful
05/12/2021 15:56:56,05/12/2021 15:58:06,70,05/12/2021 12:50:44,JET2,8059083/S21H,reservations@jet2holidays.com,Unprocessed,Failed
05/12/2021 15:32:14,05/12/2021 15:33:11,57,05/12/2021 12:29:13,HOSEASONS,23246447,invoices@hoseasons.co.uk,Query,Successful
05/12/2021 15:27:53,05/12/2021 15:29:15,82,05/12/2021 12:06:43,TUI,13330494,email@customerservices.tui.co.uk,Query,Successful
05/12/2021 15:26:23,05/12/2021 15:27:27,64,05/10/2021 12:13:28,JET2,8305410/S22H,reservations@jet2holidays.com,Unprocessed,Failed
05/12/2021 15:03:00,05/12/2021 15:09:50,410,05/12/2021 11:45:19,SANDALS,SAN-51048,sales@sandals.co.uk,Bot Error,Failed
05/12/2021 15:01:32,05/12/2021 15:02:36,64,05/12/2021 11:37:38,JET2,7873950/S21H,reservations@jet2holidays.com,Unprocessed,Failed
05/12/2021 14:59:26,05/12/2021 15:01:06,100,05/12/2021 11:50:33,JET2,8342874/S21H,reservations@jet2holidays.com,Query,Successful
05/12/2021 14:58:16,05/12/2021 14:59:03,47,05/12/2021 11:47:53,EASYJET,1790705,donotreply@easyjet.com,Query,Successful
05/12/2021 14:57:04,05/12/2021 14:57:53,49,05/10/2021 11:56:20,JET2,7453397/S21H,reservations@jet2holidays.com,Booking Not Found,Failed
05/12/2021 14:53:50,05/12/2021 14:54:25,35,05/12/2021 11:28:13,EASYJET,1283821,donotreply@easyjet.com,Query,Successful
05/12/2021 14:52:26,05/12/2021 14:53:26,60,05/12/2021 11:33:26,JET2,7501445/S21H,reservations@jet2holidays.com,Unprocessed,Failed
05/12/2021 14:51:00,05/12/2021 14:52:03,63,05/12/2021 11:36:13,JET2,8158091/S21H,reservations@jet2holidays.com,Unprocessed,Failed
05/12/2021 14:48:00,05/12/2021 14:49:23,83,05/12/2021 11:34:34,JET2,8345760/S22H,reservations@jet2holidays.com,Query,Successful
05/12/2021 14:46:33,05/12/2021 14:47:35,62,05/12/2021 11:32:57,JET2,7501389/S21H,reservations@jet2holidays.com,Unprocessed,Failed
05/12/2021 14:44:41,05/12/2021 14:46:07,86,05/10/2021 11:41:49,JET2,8340950/W21H,reservations@jet2holidays.com,Query,Successful
05/12/2021 14:41:15,05/12/2021 14:44:16,181,05/12/2021 11:10:55,TUI,10965928,email@customerservices.tui.co.uk,Unprocessed,Failed
05/12/2021 14:39:55,05/12/2021 14:40:52,57,05/12/2021 11:16:10,HOSEASONS,23245730,invoices@hoseasons.co.uk,Query,Successful
05/12/2021 14:38:57,05/12/2021 14:39:32,35,05/10/2021 11:35:38,TUI,12308589,email@customerservices.tui.co.uk,Booking Not Found,Failed
05/12/2021 14:37:55,05/12/2021 14:38:33,38,05/10/2021 11:35:57,TUI,12308577,email@customerservices.tui.co.uk,Booking Not Found,Failed
05/12/2021 14:30:39,05/12/2021 14:37:25,406,05/12/2021 11:14:36,SANDALS,SAN-51044,sales@sandals.co.uk,Bot Error,Failed
05/12/2021 14:27:18,05/12/2021 14:30:13,175,05/12/2021 11:10:53,TUI,10965929,email@customerservices.tui.co.uk,Unprocessed,Failed
05/12/2021 14:25:18,05/12/2021 14:26:53,95,05/12/2021 11:12:43,JET2,8345845/S22H,reservations@jet2holidays.com,Matched,Successful
05/12/2021 14:15:09,05/12/2021 14:21:56,407,05/12/2021 11:05:14,SANDALS,SAN-51045,sales@sandals.co.uk,Bot Error,Failed
05/12/2021 14:12:51,05/12/2021 14:13:46,55,05/12/2021 11:02:46,HOSEASONS,23245545,invoices@hoseasons.co.uk,Matched,Successful
05/12/2021 14:11:17,05/12/2021 14:12:27,70,05/12/2021 10:48:42,HOSEASONS,22201989,invoices@hoseasons.co.uk,Matched,Successful
05/12/2021 14:10:03,05/12/2021 14:10:54,51,05/10/2021 11:09:05,JET2,7394797/S21H,reservations@jet2holidays.com,Booking Not Found,Failed
05/12/2021 14:00:59,05/12/2021 14:02:05,66,05/12/2021 10:37:40,JET2,7488460/S21H,reservations@jet2holidays.com,Unprocessed,Failed
05/12/2021 13:59:23,05/12/2021 14:00:35,72,05/12/2021 10:38:58,HOSEASONS,22725978,invoices@hoseasons.co.uk,Matched,Successful
05/12/2021 13:52:04,05/12/2021 13:58:52,408,05/12/2021 10:37:19,SANDALS,SAN-51044,sales@sandals.co.uk,Bot Error,Failed
05/12/2021 13:44:40,05/12/2021 13:51:28,408,05/12/2021 10:40:18,SANDALS,SAN-51044,sales@sandals.co.uk,Bot Error,Failed
05/12/2021 13:43:15,05/12/2021 13:44:17,62,05/12/2021 10:36:26,JET2,7488441/S21H,reservations@jet2holidays.com,Unprocessed,Failed
05/12/2021 13:41:26,05/12/2021 13:42:51,85,05/12/2021 10:31:01,JET2,8345760/S22H,reservations@jet2holidays.com,Query,Successful
05/12/2021 13:36:23,05/12/2021 13:37:34,71,05/12/2021 10:26:02,HOSEASONS,22334466,invoices@hoseasons.co.uk,Query,Successful
05/12/2021 13:35:09,05/12/2021 13:36:01,52,05/10/2021 10:34:04,JET2,8340697/S22H,reservations@jet2holidays.com,Booking Not Found,Failed
05/12/2021 13:33:19,05/12/2021 13:34:44,85,05/12/2021 10:32:30,JET2,8308423/S22H,reservations@jet2holidays.com,Query,Successful
05/12/2021 13:31:16,05/12/2021 13:32:53,97,05/12/2021 10:28:54,JET2,8345752/S22H,reservations@jet2holidays.com,Matched,Successful
05/12/2021 13:25:29,05/12/2021 13:26:33,64,05/12/2021 10:22:44,EASYJET,1789947,donotreply@easyjet.com,Query,Successful
05/12/2021 13:24:14,05/12/2021 13:25:06,52,05/10/2021 10:20:00,JET2,7444087/S21H,reservations@jet2holidays.com,Booking Not Found,Failed
05/12/2021 13:03:19,05/12/2021 13:04:50,91,05/10/2021 09:55:55,JET2,8340552/S22H,reservations@jet2holidays.com,Query,Successful
05/12/2021 13:01:29,05/12/2021 13:02:50,81,05/10/2021 10:01:15,TUI,10617049,email@customerservices.tui.co.uk,Query,Successful
05/12/2021 12:40:23,05/12/2021 12:41:47,84,05/12/2021 09:34:34,JET2,8345550/S22H,reservations@jet2holidays.com,Matched,Successful
05/12/2021 12:39:09,05/12/2021 12:40:00,51,05/12/2021 09:21:07,HOSEASONS,23234033,invoices@hoseasons.co.uk,Query,Successful
05/12/2021 12:37:35,05/12/2021 12:38:45,70,05/12/2021 09:29:26,HOSEASONS,23244537,invoices@hoseasons.co.uk,Query,Successful
05/12/2021 12:35:49,05/12/2021 12:37:03,74,05/12/2021 09:25:06,SANDALS,SAN-47126,sales@sandals.co.uk,Bot Error,Failed
05/12/2021 12:34:35,05/12/2021 12:35:25,50,05/10/2021 09:34:34,JET2,7356107/S21H,reservations@jet2holidays.com,Booking Not Found,Failed
05/12/2021 12:33:06,05/12/2021 12:34:11,65,05/12/2021 09:27:17,JET2,7867124/S21H,reservations@jet2holidays.com,Unprocessed,Failed
05/12/2021 12:31:16,05/12/2021 12:31:51,35,05/10/2021 09:25:31,TUI,12409958,email@customerservices.tui.co.uk,Booking Not Found,Failed
05/12/2021 12:26:48,05/12/2021 12:27:24,36,05/10/2021 09:25:37,TUI,12411451,email@customerservices.tui.co.uk,Booking Not Found,Failed
05/12/2021 12:25:18,05/12/2021 12:26:25,67,05/12/2021 09:11:20,JET2,8048482/S21H,reservations@jet2holidays.com,Unprocessed,Failed
05/12/2021 12:23:05,05/12/2021 12:24:54,109,05/12/2021 09:12:40,JET2,8345471/S22H,reservations@jet2holidays.com,Query,Successful
05/12/2021 12:05:40,05/12/2021 12:06:31,51,05/10/2021 09:04:45,JET2,7420195/S21H,reservations@jet2holidays.com,Booking Not Found,Failed
05/12/2021 12:04:14,05/12/2021 12:05:16,62,05/12/2021 08:50:51,JET2,8048482/S21H,reservations@jet2holidays.com,Unprocessed,Failed
05/12/2021 12:02:10,05/12/2021 12:03:49,99,05/12/2021 08:52:30,JET2,8048482/S21H,reservations@jet2holidays.com,Query,Successful
05/12/2021 11:55:27,05/12/2021 11:55:46,19,05/10/2021 08:54:41,HOSEASONS,23221548,invoices@hoseasons.co.uk,Booking Not Found,Failed
05/12/2021 11:54:11,05/12/2021 11:55:04,53,05/12/2021 08:47:11,HOSEASONS,23244015,invoices@hoseasons.co.uk,Query,Successful
05/12/2021 11:52:19,05/12/2021 11:53:46,87,05/12/2021 08:46:19,TUI,12618380,email@customerservices.tui.co.uk,Query,Successful
05/12/2021 11:39:24,05/12/2021 11:40:23,59,05/12/2021 08:36:10,JET2,7498295/S21H,reservations@jet2holidays.com,Unprocessed,Failed
05/12/2021 11:37:03,05/12/2021 11:38:35,92,05/12/2021 08:34:04,JET2,8345385/S22H,reservations@jet2holidays.com,Matched,Successful
05/12/2021 11:27:45,05/12/2021 11:29:26,101,05/12/2021 08:18:01,JET2,8345352/S22H,reservations@jet2holidays.com,Matched,Successful
05/12/2021 11:23:49,05/12/2021 11:24:53,64,05/10/2021 08:15:01,JET2,7431245/S21H,reservations@jet2holidays.com,Booking Not Found,Failed
05/12/2021 11:21:48,05/12/2021 11:23:26,98,05/10/2021 08:14:54,JET2,8340245/S22H,reservations@jet2holidays.com,Query,Successful
05/12/2021 11:06:30,05/12/2021 11:07:18,48,05/12/2021 07:52:02,EASYJET,1788981,donotreply@easyjet.com,Matched,Successful
05/12/2021 11:04:05,05/12/2021 11:05:21,76,05/12/2021 08:01:17,TUI,12427113,email@customerservices.tui.co.uk,Query,Successful
05/12/2021 11:02:50,05/12/2021 11:03:42,52,05/12/2021 07:53:07,EASYJET,1788983,donotreply@easyjet.com,Matched,Successful
05/12/2021 11:01:20,05/12/2021 11:02:27,67,05/12/2021 07:52:02,JET2,8096969/S21H,reservations@jet2holidays.com,Unprocessed,Failed
05/12/2021 10:35:56,05/12/2021 10:37:04,68,05/12/2021 07:35:33,JET2,7463559/S21H,reservations@jet2holidays.com,Unprocessed,Failed
05/12/2021 08:18:17,05/12/2021 08:21:25,188,05/12/2021 05:06:01,TUI,12847129,email@customerservices.tui.co.uk,Unprocessed,Failed
05/12/2021 00:04:44,05/12/2021 00:06:06,82,05/11/2021 20:58:23,JET2,8345164/S21H,reservations@jet2holidays.com,Matched,Successful
05/12/2021 00:02:44,05/12/2021 00:04:21,97,05/11/2021 20:57:37,JET2,8329544/S22H,reservations@jet2holidays.com,Query,Successful
