﻿ProcessingStartedTimeStamp,ProcessingEndedTimeStamp,ProcessingTimeInSeconds,EmailReceivedTimeStamp,Supplier,Reference,SupplierEmail,MatchingStatus,Status
04/22/2021 23:30:59,04/22/2021 23:31:55,56,04/22/2021 20:21:42,HOSEASONS,23026290,invoices@hoseasons.co.uk,Query,Successful
04/22/2021 23:03:34,04/22/2021 23:04:47,73,04/22/2021 19:46:57,JET2,8307351/S22H,reservations@jet2holidays.com,Query,Successful
04/22/2021 23:02:12,04/22/2021 23:03:25,73,04/20/2021 20:00:45,JET2,8304277/S21H,reservations@jet2holidays.com,Query,Successful
04/22/2021 23:01:04,04/22/2021 23:02:04,60,04/20/2021 19:50:14,JET2,8304260/S22H,reservations@jet2holidays.com,Booking Not Found,Failed
04/22/2021 21:31:08,04/22/2021 21:32:10,62,04/22/2021 18:30:33,HOSEASONS,23025039,invoices@hoseasons.co.uk,Query,Successful
04/22/2021 21:05:17,04/22/2021 21:06:31,74,04/22/2021 17:55:24,JET2,8307164/S21H,reservations@jet2holidays.com,Query,Successful
04/22/2021 21:04:07,04/22/2021 21:05:09,62,04/22/2021 17:59:43,HOSEASONS,23024712,invoices@hoseasons.co.uk,Query,Successful
04/22/2021 21:02:45,04/22/2021 21:03:59,74,04/22/2021 17:47:07,JET2,8307153/S21H,reservations@jet2holidays.com,Query,Successful
04/22/2021 21:01:14,04/22/2021 21:02:36,82,04/22/2021 17:49:06,TUI,13329297,email@customerservices.tui.co.uk,Query,Successful
04/22/2021 20:31:10,04/22/2021 20:32:21,71,04/22/2021 17:10:57,TUI,12471683,email@customerservices.tui.co.uk,Query,Successful
04/22/2021 20:28:32,04/22/2021 20:29:33,61,04/20/2021 17:28:14,JET2,8268596/S21H,reservations@jet2holidays.com,Matched,Successful
04/22/2021 20:27:20,04/22/2021 20:28:24,64,04/22/2021 17:14:00,JET2,7476862/S21H,reservations@jet2holidays.com,Matched,Successful
04/22/2021 20:25:45,04/22/2021 20:26:51,66,04/20/2021 17:24:41,JET2,8304018/S21H,reservations@jet2holidays.com,Bot Error,Failed
04/22/2021 20:24:30,04/22/2021 20:25:38,68,04/22/2021 17:06:07,JET2,8163769/S21H,reservations@jet2holidays.com,Matched,Successful
04/22/2021 20:01:07,04/22/2021 20:01:52,45,04/22/2021 16:56:56,EASYJET,1715213,donotreply@easyjet.com,Query,Successful
04/22/2021 19:58:48,04/22/2021 19:59:41,53,04/22/2021 16:39:35,HOSEASONS,23023790,invoices@hoseasons.co.uk,Matched,Successful
04/22/2021 19:57:24,04/22/2021 19:58:39,75,04/22/2021 16:43:58,JET2,8307060/S21H,reservations@jet2holidays.com,Matched,Successful
04/22/2021 19:56:00,04/22/2021 19:57:16,76,04/22/2021 16:48:39,JET2,8307067/W21H,reservations@jet2holidays.com,Query,Successful
04/22/2021 19:54:57,04/22/2021 19:55:53,56,04/22/2021 16:39:35,HOSEASONS,23023762,invoices@hoseasons.co.uk,Matched,Successful
04/22/2021 19:54:14,04/22/2021 19:54:49,35,04/22/2021 16:35:40,EASYJET,1482272,donotreply@easyjet.com,Query,Successful
04/22/2021 19:32:10,04/22/2021 19:32:57,47,04/22/2021 16:27:09,EASYJET,1715122,donotreply@easyjet.com,Query,Successful
04/22/2021 19:23:56,04/22/2021 19:24:53,57,04/22/2021 16:17:15,HOSEASONS,23023493,invoices@hoseasons.co.uk,Query,Successful
04/22/2021 19:07:48,04/22/2021 19:08:33,45,04/22/2021 15:57:57,EASYJET,1715000,donotreply@easyjet.com,Query,Successful
04/22/2021 19:06:25,04/22/2021 19:07:40,75,04/22/2021 15:57:27,JET2,8272880/S21H,reservations@jet2holidays.com,Query,Successful
04/22/2021 19:05:02,04/22/2021 19:06:16,74,04/22/2021 15:44:35,JET2,8199201/S22H,reservations@jet2holidays.com,Query,Successful
04/22/2021 19:03:40,04/22/2021 19:04:53,73,04/22/2021 15:49:54,JET2,8306943/S21H,reservations@jet2holidays.com,Query,Successful
04/22/2021 19:02:13,04/22/2021 19:03:31,78,04/20/2021 15:44:43,JET2,8303854/S22H,reservations@jet2holidays.com,Matched,Successful
04/22/2021 19:01:19,04/22/2021 19:02:06,47,04/20/2021 15:53:40,JET2,8303865/S21H,reservations@jet2holidays.com,Booking Not Found,Failed
04/22/2021 18:32:47,04/22/2021 18:33:37,50,04/22/2021 15:17:36,HOSEASONS,23018116,invoices@hoseasons.co.uk,Query,Successful
04/22/2021 18:31:12,04/22/2021 18:32:37,85,04/22/2021 15:09:10,JET2,8306083/S22H,reservations@jet2holidays.com,Query,Successful
04/22/2021 18:09:33,04/22/2021 18:10:23,50,04/22/2021 14:50:27,TUI,10911184,email@customerservices.tui.co.uk,Query,Successful
04/22/2021 18:08:22,04/22/2021 18:09:25,63,04/22/2021 14:52:03,JET2,7451638/S21H,reservations@jet2holidays.com,Matched,Successful
04/22/2021 18:06:12,04/22/2021 18:07:28,76,04/22/2021 14:50:59,JET2,8306809/S22H,reservations@jet2holidays.com,Matched,Successful
04/22/2021 18:04:49,04/22/2021 18:06:04,75,04/22/2021 14:49:51,JET2,8306809/S22H,reservations@jet2holidays.com,Matched,Successful
04/22/2021 18:03:26,04/22/2021 18:04:09,43,04/20/2021 15:01:26,JET2,6634120/S20H,reservations@jet2holidays.com,Booking Not Found,Failed
04/22/2021 18:02:33,04/22/2021 18:03:16,43,04/20/2021 15:01:42,JET2,6634089/S20H,reservations@jet2holidays.com,Booking Not Found,Failed
04/22/2021 18:01:10,04/22/2021 18:02:25,75,04/22/2021 14:44:32,JET2,8163652/S21H,reservations@jet2holidays.com,Query,Successful
04/22/2021 17:58:27,04/22/2021 17:59:43,76,04/22/2021 14:43:37,JET2,8163652/S21H,reservations@jet2holidays.com,Query,Successful
04/22/2021 17:55:10,04/22/2021 17:58:16,186,04/22/2021 14:19:51,TUI,13328709,email@customerservices.tui.co.uk,Unprocessed,Failed
04/22/2021 17:53:30,04/22/2021 17:54:14,44,04/20/2021 14:45:21,JET2,5608009/S20H,reservations@jet2holidays.com,Booking Not Found,Failed
04/22/2021 17:34:07,04/22/2021 17:35:17,70,04/22/2021 14:33:35,JET2,8306773/S21H,reservations@jet2holidays.com,Query,Successful
04/22/2021 17:31:55,04/22/2021 17:33:12,77,04/22/2021 14:30:08,JET2,8304611/S21H,reservations@jet2holidays.com,Query,Successful
04/22/2021 17:26:40,04/22/2021 17:27:10,30,04/20/2021 14:25:39,EASYJET,1398489,donotreply@easyjet.com,Query,Successful
04/22/2021 17:25:34,04/22/2021 17:26:33,59,04/20/2021 14:25:20,HOSEASONS,22993646,invoices@hoseasons.co.uk,Matched,Successful
04/22/2021 17:24:25,04/22/2021 17:25:27,62,04/20/2021 14:12:13,JET2,7437409/S21H,reservations@jet2holidays.com,Query,Successful
04/22/2021 17:23:40,04/22/2021 17:24:17,37,04/20/2021 14:22:10,EASYJET,1398489,donotreply@easyjet.com,Query,Successful
04/22/2021 17:22:49,04/22/2021 17:23:33,44,04/20/2021 14:16:08,JET2,7375903/S21H,reservations@jet2holidays.com,Booking Not Found,Failed
04/22/2021 17:07:34,04/22/2021 17:08:55,81,04/22/2021 14:06:35,JET2,8306720/S22H,reservations@jet2holidays.com,Query,Successful
04/22/2021 16:53:10,04/22/2021 16:54:16,66,04/22/2021 13:40:20,JET2,8111898/S21H,reservations@jet2holidays.com,Matched,Successful
04/22/2021 16:52:16,04/22/2021 16:52:46,30,04/20/2021 13:43:17,TUI,13324481,email@customerservices.tui.co.uk,Booking Not Found,Failed
04/22/2021 16:39:09,04/22/2021 16:40:23,74,04/22/2021 13:34:35,JET2,8306644/S22H,reservations@jet2holidays.com,Query,Successful
04/22/2021 16:38:20,04/22/2021 16:39:02,42,04/20/2021 13:33:24,JET2,7414609/S21H,reservations@jet2holidays.com,Booking Not Found,Failed
04/22/2021 16:36:59,04/22/2021 16:38:12,73,04/20/2021 13:34:08,JET2,8303538/S22H,reservations@jet2holidays.com,Query,Successful
04/22/2021 16:32:16,04/22/2021 16:33:31,75,04/22/2021 13:26:24,JET2,8306628/S22H,reservations@jet2holidays.com,Query,Successful
04/22/2021 16:31:03,04/22/2021 16:32:08,65,04/20/2021 13:24:37,JET2,8063809/S21H,reservations@jet2holidays.com,Matched,Successful
04/22/2021 16:22:38,04/22/2021 16:23:53,75,04/22/2021 13:19:41,JET2,8306620/S21H,reservations@jet2holidays.com,Matched,Successful
04/22/2021 16:21:42,04/22/2021 16:22:31,49,04/22/2021 13:03:24,EASYJET,1713953,donotreply@easyjet.com,Query,Successful
04/22/2021 16:11:07,04/22/2021 16:11:50,43,04/22/2021 13:03:11,EASYJET,1713953,donotreply@easyjet.com,Query,Successful
04/22/2021 16:09:49,04/22/2021 16:10:59,70,04/22/2021 13:05:50,TUI,12948545,email@customerservices.tui.co.uk,Query,Successful
04/22/2021 16:08:59,04/22/2021 16:09:42,43,04/20/2021 13:07:43,JET2,6073564/S20H,reservations@jet2holidays.com,Booking Not Found,Failed
04/22/2021 16:07:36,04/22/2021 16:08:51,75,04/22/2021 12:58:04,JET2,8306524/S22H,reservations@jet2holidays.com,Query,Successful
04/22/2021 16:06:26,04/22/2021 16:07:29,63,04/20/2021 13:04:15,JET2,8065800/S21H,reservations@jet2holidays.com,Matched,Successful
04/22/2021 16:02:03,04/22/2021 16:02:51,48,04/22/2021 13:01:50,EASYJET,1713953,donotreply@easyjet.com,Query,Successful
04/22/2021 15:51:10,04/22/2021 15:52:24,74,04/20/2021 12:50:42,JET2,8303437/S22H,reservations@jet2holidays.com,Query,Successful
04/22/2021 15:31:58,04/22/2021 15:33:17,79,04/22/2021 12:25:23,JET2,8306483/S22H,reservations@jet2holidays.com,Query,Successful
04/22/2021 15:31:07,04/22/2021 15:31:50,43,04/20/2021 12:28:03,JET2,7355620/S21H,reservations@jet2holidays.com,Booking Not Found,Failed
04/22/2021 15:21:26,04/22/2021 15:22:33,67,04/22/2021 12:10:16,JET2,7891905/S21H,reservations@jet2holidays.com,Matched,Successful
04/22/2021 15:02:12,04/22/2021 15:03:20,68,04/22/2021 11:46:16,JET2,7971750/S21H,reservations@jet2holidays.com,Matched,Successful
04/22/2021 15:01:19,04/22/2021 15:02:03,44,04/20/2021 11:54:58,JET2,7407830/S21H,reservations@jet2holidays.com,Booking Not Found,Failed
04/22/2021 14:54:41,04/22/2021 14:55:26,45,04/20/2021 11:54:01,JET2,7407785/S21H,reservations@jet2holidays.com,Booking Not Found,Failed
04/22/2021 14:51:32,04/22/2021 14:54:33,181,04/22/2021 11:39:21,TUI,13328177,email@customerservices.tui.co.uk,Unprocessed,Failed
04/22/2021 14:50:41,04/22/2021 14:51:25,44,04/20/2021 11:46:16,JET2,7407819/S21H,reservations@jet2holidays.com,Booking Not Found,Failed
04/22/2021 14:49:49,04/22/2021 14:50:33,44,04/20/2021 11:47:43,JET2,7407798/S21H,reservations@jet2holidays.com,Booking Not Found,Failed
04/22/2021 14:31:48,04/22/2021 14:33:03,75,04/22/2021 11:20:46,TUI,10735116,email@customerservices.tui.co.uk,Query,Successful
04/22/2021 14:31:26,04/22/2021 14:31:41,15,04/20/2021 11:26:47,HOSEASONS,,TAcollection@awaze.co.uk,Booking Not Found,Failed
04/22/2021 14:19:15,04/22/2021 14:20:00,45,04/20/2021 11:06:27,EASYJET,1704975,donotreply@easyjet.com,Query,Successful
04/22/2021 14:03:23,04/22/2021 14:04:26,63,04/22/2021 10:46:52,JET2,8164083/S21H,reservations@jet2holidays.com,Query,Successful
04/22/2021 14:02:01,04/22/2021 14:03:15,74,04/22/2021 11:00:07,JET2,8287616/S21H,reservations@jet2holidays.com,Query,Successful
04/22/2021 14:01:25,04/22/2021 14:01:53,28,04/20/2021 11:01:02,TUI,11169252,email@customerservices.tui.co.uk,Booking Not Found,Failed
04/22/2021 13:54:14,04/22/2021 13:55:19,65,04/22/2021 10:47:57,JET2,7436416/S21H,reservations@jet2holidays.com,Query,Successful
04/22/2021 13:53:02,04/22/2021 13:54:06,64,04/22/2021 10:37:45,JET2,8034198/S21H,reservations@jet2holidays.com,Query,Successful
04/22/2021 13:52:09,04/22/2021 13:52:55,46,04/20/2021 10:52:00,JET2,8303157/W21H,reservations@jet2holidays.com,Booking Not Found,Failed
04/22/2021 13:50:48,04/22/2021 13:52:01,73,04/22/2021 10:34:42,JET2,8306200/S22H,reservations@jet2holidays.com,Query,Successful
04/22/2021 13:49:55,04/22/2021 13:50:40,45,04/20/2021 10:39:21,JET2,7379489/S21H,reservations@jet2holidays.com,Booking Not Found,Failed
04/22/2021 13:48:43,04/22/2021 13:49:48,65,04/20/2021 10:34:34,JET2,7816148/S21H,reservations@jet2holidays.com,Matched,Successful
04/22/2021 13:32:29,04/22/2021 13:33:48,79,04/22/2021 10:27:03,JET2,8292539/S22H,reservations@jet2holidays.com,Query,Successful
04/22/2021 13:32:08,04/22/2021 13:32:22,14,04/20/2021 10:20:19,HOSEASONS,22990794,invoices@hoseasons.co.uk,Booking Not Found,Failed
04/22/2021 13:31:15,04/22/2021 13:32:00,45,04/20/2021 10:18:13,JET2,8303051/W21H,reservations@jet2holidays.com,Booking Not Found,Failed
04/22/2021 13:18:10,04/22/2021 13:19:25,75,04/22/2021 10:06:51,JET2,8283024/S22H,reservations@jet2holidays.com,Query,Successful
04/22/2021 13:02:54,04/22/2021 13:03:38,44,04/20/2021 10:02:43,JET2,8303009/W21H,reservations@jet2holidays.com,Booking Not Found,Failed
04/22/2021 12:50:58,04/22/2021 12:51:43,45,04/22/2021 09:41:30,EASYJET,1685793,donotreply@easyjet.com,Query,Successful
04/22/2021 12:48:42,04/22/2021 12:50:02,80,04/22/2021 09:35:54,TUI,12430652,email@customerservices.tui.co.uk,Query,Successful
04/22/2021 12:47:37,04/22/2021 12:48:34,57,04/20/2021 09:45:19,JET2,6915419/S20H,reservations@jet2holidays.com,Booking Not Found,Failed
04/22/2021 12:35:25,04/22/2021 12:36:28,63,04/22/2021 09:25:46,JET2,7422135/S21H,reservations@jet2holidays.com,Matched,Successful
04/22/2021 12:34:12,04/22/2021 12:35:16,64,04/22/2021 09:28:26,JET2,7416457/S21H,reservations@jet2holidays.com,Matched,Successful
04/22/2021 12:32:50,04/22/2021 12:34:05,75,04/22/2021 09:20:49,JET2,8306027/S22H,reservations@jet2holidays.com,Matched,Successful
04/22/2021 12:32:11,04/22/2021 12:32:41,30,04/22/2021 09:20:28,EASYJET,1482272,donotreply@easyjet.com,Query,Successful
04/22/2021 12:31:15,04/22/2021 12:32:03,48,04/22/2021 09:17:51,EASYJET,1211454,donotreply@easyjet.com,Matched,Successful
04/22/2021 12:20:12,04/22/2021 12:21:23,71,04/22/2021 09:10:52,JET2,8306000/S22H,reservations@jet2holidays.com,Query,Successful
04/22/2021 12:18:51,04/22/2021 12:20:04,73,04/22/2021 09:08:23,JET2,8305994/S22H,reservations@jet2holidays.com,Query,Successful
04/22/2021 12:17:37,04/22/2021 12:18:44,67,04/22/2021 09:05:50,JET2,7416467/S21H,reservations@jet2holidays.com,Query,Successful
04/22/2021 12:03:28,04/22/2021 12:04:18,50,04/22/2021 08:47:37,HOSEASONS,23018149,invoices@hoseasons.co.uk,Matched,Successful
04/22/2021 12:01:26,04/22/2021 12:02:33,67,04/22/2021 08:58:36,JET2,8277367/S21H,reservations@jet2holidays.com,Matched,Successful
04/22/2021 11:48:08,04/22/2021 11:49:21,73,04/22/2021 08:43:04,JET2,8305950/S21H,reservations@jet2holidays.com,Query,Successful
04/22/2021 11:46:48,04/22/2021 11:48:00,72,04/22/2021 08:33:39,JET2,8305934/S22H,reservations@jet2holidays.com,Query,Successful
04/22/2021 11:40:37,04/22/2021 11:41:38,61,04/22/2021 08:17:41,JET2,7429516/S21H,reservations@jet2holidays.com,Matched,Successful
04/22/2021 11:38:40,04/22/2021 11:39:42,62,04/22/2021 08:24:51,JET2,7908960/S21H,reservations@jet2holidays.com,Matched,Successful
04/22/2021 11:35:52,04/22/2021 11:36:55,63,04/22/2021 08:22:12,JET2,7462008/S21H,reservations@jet2holidays.com,Matched,Successful
04/22/2021 11:32:03,04/22/2021 11:33:17,74,04/22/2021 08:12:47,JET2,8305907/S21H,reservations@jet2holidays.com,Query,Successful
04/22/2021 11:31:24,04/22/2021 11:31:54,30,04/20/2021 08:30:46,TUI,10374734,email@customerservices.tui.co.uk,Booking Not Found,Failed
04/22/2021 10:46:51,04/22/2021 10:47:55,64,04/22/2021 07:37:14,JET2,7443557/S21H,reservations@jet2holidays.com,Matched,Successful
04/22/2021 10:45:58,04/22/2021 10:46:41,43,04/20/2021 07:45:43,JET2,7372965/S21H,reservations@jet2holidays.com,Booking Not Found,Failed
04/22/2021 10:33:35,04/22/2021 10:34:22,47,04/22/2021 07:20:56,EASYJET,1712031,donotreply@easyjet.com,Query,Successful
04/22/2021 10:31:15,04/22/2021 10:32:35,80,04/22/2021 07:20:51,JET2,8305879/S22H,reservations@jet2holidays.com,Matched,Successful
04/22/2021 09:14:36,04/22/2021 09:15:49,73,04/20/2021 22:16:25,HOSEASONS,22999261,invoices@hoseasons.co.uk,Matched,Successful
04/22/2021 00:01:11,04/22/2021 00:03:25,134,04/21/2021 20:31:31,JET2,8305782/S22H,reservations@jet2holidays.com,Query,Successful
