supplier_code,email_address,regex_pattern,location
TUI,email@customerservices.tui.co.uk,[0-9]{8},subject
JET2,reservations@jet2holidays.com,[0-9]{7}/[a-zA-Z]{1}[0-9]{2}[a-zA-Z]{1},subject
EASYJET,donotreply@easyjet.com,[0-9]{7},subject
HOSEASONS,invoices@hoseasons.co.uk,[0-9]{8},subject
HOSEASONS,info@hoseasons.co.uk,[0-9]{8},subject
HOSEASONS,TAcollection@awaze.co.uk,[0-9]{8},subject
SANDALS,sales@sandals.co.uk,SAN\-\d{5},subject
SANDALS,pro.servartner@travelcounsellors.com,SAN\-\d{5},subject