﻿DateTime,Type,Message
28-02-2020 16:00:19,Info,Wikipedia site opened in Google chrome browser ? True
28-02-2020 16:00:21,Info,Searching text : List of highest-grossing films
28-02-2020 16:00:26,Info,Total result extracted : 50
28-02-2020 16:00:26,Info,Query : [Year] >= 2015 And Convert([Worldwide gross], System.Int64) > 1300000000
28-02-2020 16:00:26,Info,Total no. of result returned by the filter : 11
28-02-2020 16:00:26,Info,Adding column 'Reference' to filtered datatable
28-02-2020 16:00:26,Info,Total no. of rows read from 'Movie Reference' excel file is : 50
28-02-2020 16:00:27,Info,Final output file is saved at : Data\Output\Results.xlsx
28-02-2020 16:00:27,Info,Browser have been closed
28-02-2020 16:00:28,Info,Email address extracted (To) : EShaker@getgroup.com
28-02-2020 16:00:28,Info,Email address extracted (CC) : IMohamed@getgroup.com
28-02-2020 16:00:29,Info,Sending mail notification