﻿DateTime,Type,Message
28-02-2020 15:51:47,Info,Wikipedia site opened in Google chrome browser ? True
28-02-2020 15:51:50,Info,Searching text : List of highest-grossing films
28-02-2020 15:51:55,Info,Total result extracted : 50
28-02-2020 15:51:55,Info,Query : [Year] >= 2015 And Convert([Worldwide gross], System.Int64) > 1300000000
28-02-2020 15:51:55,Info,Total no. of result returned by the filter : 11
28-02-2020 15:51:55,Info,Adding column 'Reference' to filtered datatable
28-02-2020 15:51:56,Info,Total no. of rows read from 'Movie Reference' excel file is : 50
28-02-2020 15:51:57,Info,Final output file is saved at : Data\Output\Results.xlsx
28-02-2020 15:51:57,Info,Browser have been closed
28-02-2020 15:52:00,Info,Email address extracted (To) : EShaker@getgroup.com
28-02-2020 15:52:00,Info,Email address extracted (CC) : IMohamed@getgroup.com
28-02-2020 15:52:00,Info,Sending mail notification