Date/Time,Type,Message
21-Oct-2018 06:50:20 PM,Info,"Killing all excel & IE browser instances."
21-Oct-2018 06:50:31 PM,Info,"IE browser opened with ACME site."
21-Oct-2018 06:50:32 PM,Info,"Credentials successfully retrieved."
21-Oct-2018 06:50:38 PM,Info,"Login is successfull. Dashboard is opened."
21-Oct-2018 06:50:48 PM,Info,"Vendors details extracted from table. Total vendors :18"
21-Oct-2018 06:51:02 PM,Info,"Output excel file is opened & saved into a variable."
21-Oct-2018 06:51:05 PM,Info,"----------------Start : Processing vendor with TaxID :FR121212----------------"
21-Oct-2018 06:51:06 PM,Info,"Searched result loaded :True"
21-Oct-2018 06:51:08 PM,Info,"Vendors details successfully retrieved."
21-Oct-2018 06:51:08 PM,Info,"Current = Extracted : Matched
LIMITED ADVENTURE = LIMITED ADVENTURE: True
AVENUE MARCHEARIERE 18 = AVENUE MARCHEARIERE 18: True
PARIS = PARIS: True"
21-Oct-2018 06:51:08 PM,Info,"IASI,BUCURESTI,TORINO,STUTTGART,BERLIN CONTAINS PARIS :False"
21-Oct-2018 06:51:10 PM,Warn,"BusinessRule exception for transaction :1
Message :Second BusinessRule Exception: Vendor city not found in list."