﻿ProcessingStartedTimeStamp,ProcessingEndedTimeStamp,ProcessingTimeInSeconds,EmailReceivedTimeStamp,Supplier,Reference,SupplierEmail,MatchingStatus,QueryFields,Status
12/19/2022 23:46:36,12/19/2022 23:49:01,145,12/19/2022 08:35:50,JET2,9078882/W22H,reservations@jet2holidays.com,Matched,,Successful
12/19/2022 23:37:10,12/19/2022 23:39:27,137,12/19/2022 05:15:44,JET2,9896668/W22H,reservations@jet2holidays.com,Query,"DepartureDate2,01/26/2023 15:20:00,01/16/2023 09:45:00,False  
 ArrivalDate2,01/26/2023 19:50:00,01/16/2023 14:10:00,False",Successful
12/19/2022 23:26:37,12/19/2022 23:28:57,140,12/19/2022 04:22:03,JET2,1316636/W22H,reservations@jet2holidays.com,Matched,,Successful
12/19/2022 22:49:03,12/19/2022 22:51:08,125,12/19/2022 03:59:47,JET2,1312548/W22H,reservations@jet2holidays.com,Matched,,Successful
12/19/2022 22:45:06,12/19/2022 22:47:18,132,12/19/2022 03:45:11,JET2,0990437/W22H,reservations@jet2holidays.com,Query,"PassengerName,sophie o,sophie o'neill,False",Successful
12/19/2022 22:35:31,12/19/2022 22:36:45,74,12/17/2022 19:28:11,HOSEASONS,28253596,invoices@hoseasons.co.uk,Query,"Tour Com,—,",Successful
12/19/2022 21:48:14,12/19/2022 21:50:32,138,12/19/2022 03:56:29,JET2,1271039/W22H,reservations@jet2holidays.com,Matched,,Successful
12/19/2022 21:42:08,12/19/2022 21:44:21,133,12/19/2022 03:18:45,JET2,0511195/W22H,reservations@jet2holidays.com,Query,"DepartureDate2,01/23/2023 14:40:00,01/23/2023 14:35:00,False",Successful
12/19/2022 21:30:43,12/19/2022 21:33:07,144,12/19/2022 02:46:18,JET2,1108007/W22H,reservations@jet2holidays.com,Matched,,Successful
12/19/2022 21:03:02,12/19/2022 21:05:21,139,12/19/2022 02:36:05,JET2,1288694/W22H,reservations@jet2holidays.com,Matched,,Successful
12/19/2022 20:46:08,12/19/2022 20:48:01,113,12/17/2022 17:45:06,JET2,1318575/W22H,reservations@jet2holidays.com,Matched,,Successful
12/19/2022 20:35:22,12/19/2022 20:38:02,160,12/19/2022 02:38:36,JET2,0210912/W22H,reservations@jet2holidays.com,Query,"DepartureDate2,01/26/2023 13:35:00,01/16/2023 08:00:00,False  
 ArrivalDate2,01/26/2023 18:30:00,01/16/2023 12:50:00,False",Successful
12/19/2022 20:26:31,12/19/2022 20:28:13,102,12/19/2022 01:43:14,TUI,12969583,email@customerservices.tui.co.uk,Unprocessed," ",Failed
12/19/2022 19:48:08,12/19/2022 19:49:48,100,12/19/2022 01:38:05,TUI,18212151,email@customerservices.tui.co.uk,Unprocessed," ",Failed
12/19/2022 19:43:56,12/19/2022 19:45:36,100,12/19/2022 01:40:29,TUI,14859986,email@customerservices.tui.co.uk,Unprocessed," ",Failed
12/19/2022 19:37:10,12/19/2022 19:38:18,68,12/19/2022 01:38:40,TUI,15885763,email@customerservices.tui.co.uk,Unprocessed," ",Failed
12/19/2022 19:34:17,12/19/2022 19:35:09,52,12/17/2022 16:13:46,JET2,1318090/S23H,reservations@jet2holidays.com,Booking Not Found," ",Failed
12/19/2022 19:08:17,12/19/2022 19:10:34,137,12/18/2022 21:20:48,JET2,1321140/W22H,reservations@jet2holidays.com,Matched,,Successful
12/19/2022 18:54:30,12/19/2022 18:55:24,54,12/17/2022 15:27:47,JET2,1318090/S23H,reservations@jet2holidays.com,Booking Not Found," ",Failed
12/19/2022 18:46:38,12/19/2022 18:48:04,86,12/17/2022 15:28:26,JET2,9419497/S23H,reservations@jet2holidays.com,Query,"CancellationTotalPrice,160.00,1676,False  
 CommissionCancellation,0.00,",Successful
12/19/2022 18:38:31,12/19/2022 18:40:26,115,12/17/2022 15:30:53,JET2,9419504/S23H,reservations@jet2holidays.com,Query,"CancellationTotalPrice,160.00,1680,False  
 CommissionCancellation,0.00,",Successful
12/19/2022 18:30:43,12/19/2022 18:32:33,110,12/17/2022 15:30:16,JET2,9420497/S23H,reservations@jet2holidays.com,Query,"CancellationTotalPrice,80.00,856,False  
 CommissionCancellation,0.00,",Successful
12/19/2022 18:26:31,12/19/2022 18:27:17,46,12/18/2022 20:41:58,EASYJET,4231117,donotreply@easyjet.com,Unprocessed," ",Failed
12/19/2022 18:08:06,12/19/2022 18:08:58,52,12/18/2022 20:46:15,EASYJET,4231112,donotreply@easyjet.com,Unprocessed," ",Failed
12/19/2022 17:54:47,12/19/2022 17:55:34,47,12/18/2022 19:06:43,EASYJET,4231064,donotreply@easyjet.com,Unprocessed," ",Failed
12/19/2022 17:45:58,12/19/2022 17:48:09,131,12/18/2022 17:37:04,JET2,1320568/W22H,reservations@jet2holidays.com,Matched,,Successful
12/19/2022 17:37:02,12/19/2022 17:39:11,129,12/18/2022 15:27:08,JET2,1320128/S23H,reservations@jet2holidays.com,Matched,,Successful
12/19/2022 16:47:42,12/19/2022 16:49:55,133,12/18/2022 15:08:21,JET2,1320128/S23H,reservations@jet2holidays.com,Query,"TotalPrice,7216.00,7266,False",Successful
12/19/2022 16:38:44,12/19/2022 16:40:56,132,12/18/2022 15:08:30,JET2,1320127/S23H,reservations@jet2holidays.com,Query,"PassengerName,josh burrows,joshua burrows,False",Successful
12/19/2022 16:35:28,12/19/2022 16:36:16,48,12/18/2022 14:36:30,EASYJET,4197997,donotreply@easyjet.com,Unprocessed," ",Failed
12/19/2022 16:03:24,12/19/2022 16:05:30,126,12/18/2022 13:53:24,JET2,1319894/S24H,reservations@jet2holidays.com,Query,"PassengerName,infant tba,inf tba,False",Successful
12/19/2022 15:45:59,12/19/2022 15:48:19,140,12/18/2022 12:48:38,JET2,1319708/S23H,reservations@jet2holidays.com,Matched,,Successful
12/19/2022 15:03:03,12/19/2022 15:05:23,140,12/18/2022 12:26:54,JET2,1319634/S23H,reservations@jet2holidays.com,Matched,,Successful
12/19/2022 13:47:29,12/19/2022 13:49:52,143,12/18/2022 12:25:58,JET2,0844293/S23H,reservations@jet2holidays.com,Matched,,Successful
12/19/2022 13:38:43,12/19/2022 13:40:56,133,12/18/2022 12:22:47,JET2,1319629/W22H,reservations@jet2holidays.com,Matched,,Successful
12/19/2022 13:30:38,12/19/2022 13:32:38,120,12/18/2022 12:10:17,JET2,0006190/S23H,reservations@jet2holidays.com,Matched,,Successful
12/19/2022 13:08:16,12/19/2022 13:10:29,133,12/18/2022 12:09:20,JET2,1319581/S23H,reservations@jet2holidays.com,Matched,,Successful
12/19/2022 12:47:22,12/19/2022 12:49:32,130,12/18/2022 12:06:36,JET2,1319581/S23H,reservations@jet2holidays.com,Query,"TotalPrice,1572.00,1692,False  
 Commission,172.92,",Successful
12/19/2022 12:36:59,12/19/2022 12:39:43,164,12/18/2022 11:29:23,JET2,1319477/S23H,reservations@jet2holidays.com,Matched,,Successful
12/19/2022 12:29:27,12/19/2022 12:31:15,108,12/18/2022 10:55:25,TUI,13988859,email@customerservices.tui.co.uk,Unprocessed," ",Failed
12/19/2022 12:08:04,12/19/2022 12:09:14,70,12/18/2022 10:50:28,TUI,13988859,email@customerservices.tui.co.uk,Unprocessed," ",Failed
12/19/2022 11:46:41,12/19/2022 11:48:49,128,12/18/2022 10:06:53,JET2,1319314/W22H,reservations@jet2holidays.com,Query,"TotalPrice,2554.00,2544,False",Successful
12/19/2022 11:43:55,12/19/2022 11:44:40,45,12/18/2022 04:51:46,EASYJET,4230520,donotreply@easyjet.com,Unprocessed," ",Failed
12/19/2022 11:34:27,12/19/2022 11:36:40,133,12/18/2022 03:17:41,JET2,9349226/W22H,reservations@jet2holidays.com,Matched,,Successful
12/19/2022 11:08:11,12/19/2022 11:10:26,135,12/18/2022 02:55:53,JET2,1216279/W22H,reservations@jet2holidays.com,Matched,,Successful
12/19/2022 10:46:43,12/19/2022 10:49:01,138,12/18/2022 02:55:11,JET2,1163550/W22H,reservations@jet2holidays.com,Matched,,Successful
12/19/2022 09:46:03,12/19/2022 09:48:13,130,12/18/2022 02:35:00,JET2,0983345/W22H,reservations@jet2holidays.com,Query,"PassengerName,tbay tbar,tbay tbar,False  
 PassengerName,tbaw tba,tbaw tba,False  
 PassengerName,tbat tba,tbat tba,False  
 PassengerName,tbas tba,tbas tba,False  
 PassengerName,tbaru tba,tbaru tba,False  
 PassengerName,tbar tba,tbar tba,False  
 PassengerName,tbaq tba,tbaq tba,False  
 PassengerName,tbap tba,tbap tba,False  
 PassengerName,tbao tba,tbao tba,False  
 PassengerName,tbai tba,tbai tba,False  
 PassengerName,tbah tba,tbah tba,False  
 PassengerName,tbag tbar,tbag tbar,False  
 PassengerName,tbaf tba,tbaf tba,False  
 PassengerName,tbae tba,tbae tba,False  
 PassengerName,tbad tba,tbad tba,False  
 PassengerName,tbaa tba,tbaa tba,False  
 PassengerCount,17,1,False  
 DepartureDate,01/15/2023 07:55:00,01/19/2023 13:40:00,False  
 ArrivalDate,01/15/2023 12:35:00,01/19/2023 18:25:00,False",Successful
12/19/2022 09:35:25,12/19/2022 09:38:07,162,12/18/2022 02:30:02,JET2,1240711/W22H,reservations@jet2holidays.com,Matched,,Successful
12/19/2022 09:26:34,12/19/2022 09:28:20,106,12/18/2022 01:36:53,TUI,18085641,email@customerservices.tui.co.uk,Unprocessed," ",Failed
12/19/2022 09:05:05,12/19/2022 09:06:18,73,12/18/2022 01:36:54,TUI,18206563,email@customerservices.tui.co.uk,Unprocessed," ",Failed
12/19/2022 08:46:28,12/19/2022 08:48:45,137,12/17/2022 22:01:00,JET2,1319055/S23H,reservations@jet2holidays.com,Matched,,Successful
12/19/2022 07:47:27,12/19/2022 07:49:48,141,12/17/2022 17:33:37,JET2,1318536/S23H,reservations@jet2holidays.com,Matched,,Successful
12/19/2022 06:46:25,12/19/2022 06:47:39,74,12/17/2022 16:34:31,HOSEASONS,28252859,invoices@hoseasons.co.uk,Query,"Tour Com,—,",Successful
12/19/2022 05:44:30,12/19/2022 05:46:51,141,12/17/2022 16:12:41,JET2,1318291/W22H,reservations@jet2holidays.com,Matched,,Successful
12/19/2022 03:46:14,12/19/2022 03:47:44,90,12/17/2022 15:05:23,HOSEASONS,28252141,invoices@hoseasons.co.uk,Query,"Accommodation Name,avon wood,bowness caravan,False  
 Tour Com,—,",Successful
12/19/2022 03:35:21,12/19/2022 03:37:55,154,12/17/2022 14:46:50,JET2,1275643/S23H,reservations@jet2holidays.com,Matched,,Successful
12/19/2022 03:02:49,12/19/2022 03:05:17,148,12/17/2022 14:25:57,JET2,1317837/W22H,reservations@jet2holidays.com,Query,"Hotel Start Date,03/27/2023 00:00:00,12/24/2022 00:00:00,False",Successful
12/19/2022 02:43:53,12/19/2022 02:46:21,148,12/17/2022 13:13:45,JET2,1317580/S23H,reservations@jet2holidays.com,Matched,,Successful
12/19/2022 02:03:27,12/19/2022 02:04:40,73,12/17/2022 12:57:20,EASYJET,4229971,donotreply@easyjet.com,Query,"PassengerName,lewis clark,louis clark,False  
 PassengerCount,6,14,False  
 ArrivalAirport2,cairo,london stansted,False  
 DepartureDate2,07/26/2023 19:35:00,07/26/2023 12:00:00,False  
 ArrivalDate2,07/26/2023 21:05:00,07/26/2023 13:40:00,False",Successful
12/19/2022 01:47:14,12/19/2022 01:48:26,72,12/17/2022 12:51:58,EASYJET,4229966,donotreply@easyjet.com,Query,"ArrivalAirport2,cairo,london stansted,False",Successful
12/19/2022 01:37:10,12/19/2022 01:39:36,146,12/17/2022 12:01:58,JET2,1317286/S23H,reservations@jet2holidays.com,Query,"TotalPrice,10729.66,11257.66,False  
 DepartureDate2,08/12/2023 17:20:00,08/12/2023 13:00:00,False  
 ArrivalDate2,08/12/2023 18:50:00,08/12/2023 14:35:00,False",Successful
12/19/2022 01:26:42,12/19/2022 01:28:12,90,12/17/2022 11:51:16,EASYJET,4229870,donotreply@easyjet.com,Matched,,Successful
12/19/2022 00:47:39,12/19/2022 00:50:30,171,12/17/2022 11:15:37,JET2,1317095/S23H,reservations@jet2holidays.com,Matched,,Successful
12/19/2022 00:43:54,12/19/2022 00:45:11,77,12/17/2022 11:02:57,TUI,18237171,email@customerservices.tui.co.uk,Unprocessed," ",Failed
12/19/2022 00:35:16,12/19/2022 00:37:17,121,12/17/2022 11:13:34,JET2,9950292/S23H,reservations@jet2holidays.com,Matched,,Successful
12/19/2022 00:08:34,12/19/2022 00:10:56,142,12/17/2022 10:33:57,JET2,1316938/W22H,reservations@jet2holidays.com,Matched,,Successful
