﻿ProcessingStartedTimeStamp,ProcessingEndedTimeStamp,ProcessingTimeInSeconds,EmailReceivedTimeStamp,Supplier,Reference,SupplierEmail,MatchingStatus,Status,QueryFields
12/14/2022 23:46:00,12/14/2022 23:48:22,142,12/13/2022 13:18:01,JET2,1288694/W22H,reservations@jet2holidays.com,Query,Successful,
12/14/2022 23:39:14,12/14/2022 23:40:01,47,12/13/2022 13:26:22,EASYJET,3348193,donotreply@easyjet.com,Query,Successful,
12/14/2022 23:35:31,12/14/2022 23:36:22,51,12/13/2022 13:26:40,EASYJET,2780094,donotreply@easyjet.com,Query,Successful,
12/14/2022 23:26:06,12/14/2022 23:28:28,142,12/13/2022 13:28:14,JET2,1308051/W22H,reservations@jet2holidays.com,Query,Successful,
12/14/2022 23:08:37,12/14/2022 23:09:33,56,12/13/2022 13:31:43,EASYJET,3202104,donotreply@easyjet.com,Query,Successful,
12/14/2022 22:47:18,12/14/2022 22:49:20,122,12/13/2022 13:27:49,JET2,9922827/W22H,reservations@jet2holidays.com,Matched,Successful,
12/14/2022 22:43:54,12/14/2022 22:44:46,52,12/13/2022 13:16:51,EASYJET,3115473,donotreply@easyjet.com,Query,Successful,
12/14/2022 22:35:47,12/14/2022 22:36:41,54,12/13/2022 13:31:16,EASYJET,3028274,donotreply@easyjet.com,Query,Successful,
12/14/2022 22:03:11,12/14/2022 22:05:36,145,12/13/2022 13:08:30,JET2,1292610/S23H,reservations@jet2holidays.com,Matched,Successful,
12/14/2022 21:47:20,12/14/2022 21:48:15,55,12/13/2022 12:46:15,EASYJET,3334651,donotreply@easyjet.com,Query,Successful,
12/14/2022 21:38:15,12/14/2022 21:40:40,145,12/13/2022 12:57:39,JET2,1307965/W22H,reservations@jet2holidays.com,Matched,Successful,
12/14/2022 21:26:29,12/14/2022 21:29:15,166,12/13/2022 12:34:23,JET2,1307879/W22H,reservations@jet2holidays.com,Matched,Successful,
12/14/2022 21:23:09,12/14/2022 21:24:01,52,12/13/2022 12:21:29,EASYJET,3559276,donotreply@easyjet.com,Query,Successful,
12/14/2022 20:45:55,12/14/2022 20:48:10,135,12/13/2022 12:27:45,JET2,1307854/S23H,reservations@jet2holidays.com,Query,Successful,
12/14/2022 20:38:25,12/14/2022 20:39:42,77,12/13/2022 12:16:44,EASYJET,3925654,donotreply@easyjet.com,Query,Successful,
12/14/2022 20:35:40,12/14/2022 20:35:51,11,12/13/2022 12:11:40,EASYJET,4043577,donotreply@easyjet.com,Bot Error,Failed,
12/14/2022 20:30:49,12/14/2022 20:31:46,57,12/13/2022 12:02:07,EASYJET,4039478,donotreply@easyjet.com,Query,Successful,
12/14/2022 20:08:12,12/14/2022 20:10:33,141,12/13/2022 12:12:54,JET2,1307820/S23H,reservations@jet2holidays.com,Matched,Successful,
12/14/2022 19:46:33,12/14/2022 19:48:29,116,12/12/2022 16:44:50,JET2,1009039/W22H,reservations@jet2holidays.com,Query,Successful,
12/14/2022 19:43:39,12/14/2022 19:44:25,46,12/13/2022 12:01:49,EASYJET,4039439,donotreply@easyjet.com,Query,Successful,
12/14/2022 19:36:56,12/14/2022 19:38:09,73,12/12/2022 16:31:56,HOSEASONS,28222472,invoices@hoseasons.co.uk,Matched,Successful,
12/14/2022 19:26:33,12/14/2022 19:28:16,103,12/13/2022 12:04:32,TUI,18221971,email@customerservices.tui.co.uk,Matched,Successful,
12/14/2022 19:08:59,12/14/2022 19:10:33,94,12/12/2022 16:06:36,JET2,1219125/W22H,reservations@jet2holidays.com,Matched,Successful,
12/14/2022 19:03:31,12/14/2022 19:04:18,47,12/13/2022 12:02:13,EASYJET,4039369,donotreply@easyjet.com,Matched,Successful,
12/14/2022 18:38:36,12/14/2022 18:41:18,162,12/13/2022 11:54:47,JET2,1307752/S23H,reservations@jet2holidays.com,Matched,Successful,
12/14/2022 18:35:21,12/14/2022 18:36:10,49,12/13/2022 11:51:16,EASYJET,3487079,donotreply@easyjet.com,Query,Successful,
12/14/2022 18:26:28,12/14/2022 18:28:20,112,12/12/2022 15:20:31,TUI,17323070,email@customerservices.tui.co.uk,Query,Successful,
12/14/2022 18:08:30,12/14/2022 18:10:12,102,12/13/2022 11:51:19,TUI,16899538,email@customerservices.tui.co.uk,Unprocessed,Failed,
12/14/2022 17:49:01,12/14/2022 17:50:16,75,12/13/2022 11:46:36,TUI,16899538,email@customerservices.tui.co.uk,Unprocessed,Failed,
12/14/2022 17:43:58,12/14/2022 17:46:07,129,12/13/2022 11:36:34,JET2,1081823/W22H,reservations@jet2holidays.com,Query,Successful,
12/14/2022 17:35:22,12/14/2022 17:37:32,130,12/13/2022 11:10:29,JET2,1081823/W22H,reservations@jet2holidays.com,Query,Successful,
12/14/2022 17:08:37,12/14/2022 17:11:21,164,12/13/2022 10:49:00,JET2,1005985/W22H,reservations@jet2holidays.com,Matched,Successful,
12/14/2022 16:46:04,12/14/2022 16:47:54,110,12/13/2022 10:50:58,TUI,16936245,email@customerservices.tui.co.uk,Query,Successful,
12/14/2022 16:38:20,12/14/2022 16:39:59,99,12/13/2022 10:31:00,TUI,15280565,email@customerservices.tui.co.uk,Unprocessed,Failed,
12/14/2022 16:34:40,12/14/2022 16:35:57,77,12/13/2022 10:35:53,TUI,15280565,email@customerservices.tui.co.uk,Unprocessed,Failed,
12/14/2022 16:23:35,12/14/2022 16:25:51,136,12/13/2022 10:24:59,JET2,1307515/S23H,reservations@jet2holidays.com,Query,Successful,
12/14/2022 15:48:10,12/14/2022 15:50:51,161,12/13/2022 09:45:03,JET2,1307437/W22H,reservations@jet2holidays.com,Matched,Successful,
12/14/2022 15:43:49,12/14/2022 15:45:41,112,12/13/2022 09:41:07,TUI,15009871,email@customerservices.tui.co.uk,Query,Successful,
12/14/2022 15:36:54,12/14/2022 15:38:12,78,12/13/2022 09:35:46,TUI,15009871,email@customerservices.tui.co.uk,Query,Successful,
12/14/2022 15:34:25,12/14/2022 15:35:20,55,12/13/2022 09:18:07,EASYJET,3886810,donotreply@easyjet.com,Query,Successful,
12/14/2022 15:23:20,12/14/2022 15:25:18,118,12/13/2022 09:11:51,JET2,9248698/S23H,reservations@jet2holidays.com,Matched,Successful,
12/14/2022 15:03:32,12/14/2022 15:04:40,68,12/13/2022 08:51:43,EASYJET,3478022,donotreply@easyjet.com,Query,Successful,
12/14/2022 14:47:39,12/14/2022 14:48:49,70,12/13/2022 08:51:15,EASYJET,4226372,donotreply@easyjet.com,Query,Successful,
12/14/2022 14:39:21,12/14/2022 14:41:30,129,12/13/2022 03:20:51,JET2,1187268/W22H,reservations@jet2holidays.com,Matched,Successful,
12/14/2022 14:34:13,12/14/2022 14:36:25,132,12/13/2022 03:19:01,JET2,1000422/W22H,reservations@jet2holidays.com,Matched,Successful,
12/14/2022 14:23:11,12/14/2022 14:25:27,136,12/13/2022 02:57:25,JET2,1287903/W22H,reservations@jet2holidays.com,Query,Successful,
12/14/2022 13:48:01,12/14/2022 13:50:16,135,12/13/2022 02:58:37,JET2,9847194/W22H,reservations@jet2holidays.com,Matched,Successful,
12/14/2022 13:41:55,12/14/2022 13:44:13,138,12/13/2022 02:47:00,JET2,0938035/W22H,reservations@jet2holidays.com,Matched,Successful,
12/14/2022 13:34:28,12/14/2022 13:36:46,138,12/13/2022 02:46:57,JET2,1060741/W22H,reservations@jet2holidays.com,Matched,Successful,
12/14/2022 13:23:39,12/14/2022 13:25:49,130,12/13/2022 02:34:20,JET2,1120453/W22H,reservations@jet2holidays.com,Matched,Successful,
12/14/2022 13:02:32,12/14/2022 13:04:44,132,12/13/2022 02:38:19,JET2,9663308/W22H,reservations@jet2holidays.com,Query,Successful,
12/14/2022 12:45:06,12/14/2022 12:47:22,136,12/13/2022 02:29:31,JET2,1296981/W22H,reservations@jet2holidays.com,Matched,Successful,
12/14/2022 12:35:26,12/14/2022 12:37:46,140,12/13/2022 02:30:43,JET2,9847216/W22H,reservations@jet2holidays.com,Matched,Successful,
12/14/2022 12:25:07,12/14/2022 12:28:02,175,12/13/2022 02:39:49,JET2,0623524/W22H,reservations@jet2holidays.com,Matched,Successful,
12/14/2022 12:03:09,12/14/2022 12:04:53,104,12/13/2022 02:11:38,TUI,15221239,email@customerservices.tui.co.uk,Unprocessed,Failed,
12/14/2022 11:44:59,12/14/2022 11:46:38,99,12/13/2022 02:12:55,TUI,14832276,email@customerservices.tui.co.uk,Unprocessed,Failed,
12/14/2022 11:36:57,12/14/2022 11:38:32,95,12/13/2022 02:12:02,TUI,15111169,email@customerservices.tui.co.uk,Unprocessed,Failed,
12/14/2022 11:34:18,12/14/2022 11:35:28,70,12/13/2022 02:09:26,TUI,14373337,email@customerservices.tui.co.uk,Unprocessed,Failed,
12/14/2022 11:25:44,12/14/2022 11:27:26,102,12/13/2022 02:06:30,TUI,16459153,email@customerservices.tui.co.uk,Unprocessed,Failed,
12/14/2022 11:03:36,12/14/2022 11:05:16,100,12/13/2022 02:06:36,TUI,14832331,email@customerservices.tui.co.uk,Unprocessed,Failed,
12/14/2022 10:39:15,12/14/2022 10:40:50,95,12/13/2022 02:09:57,TUI,14941887,email@customerservices.tui.co.uk,Unprocessed,Failed,
12/14/2022 10:34:41,12/14/2022 10:36:21,100,12/13/2022 02:10:09,TUI,16625713,email@customerservices.tui.co.uk,Unprocessed,Failed,
12/14/2022 10:26:33,12/14/2022 10:27:46,73,12/12/2022 20:39:01,TUI,18220569,email@customerservices.tui.co.uk,Unprocessed,Failed,
12/14/2022 10:08:11,12/14/2022 10:10:22,131,12/12/2022 20:16:48,JET2,1224894/W22H,reservations@jet2holidays.com,Matched,Successful,
12/14/2022 09:46:43,12/14/2022 09:49:00,137,12/12/2022 20:20:51,JET2,1306905/S23H,reservations@jet2holidays.com,Matched,Successful,
12/14/2022 09:43:32,12/14/2022 09:44:44,72,12/12/2022 19:30:35,HOSEASONS,28223433,invoices@hoseasons.co.uk,Matched,Successful,
12/14/2022 09:36:44,12/14/2022 09:37:57,73,12/12/2022 19:11:38,EASYJET,4226017,donotreply@easyjet.com,Query,Successful,
12/14/2022 09:26:41,12/14/2022 09:28:56,135,12/12/2022 19:12:41,JET2,1306693/W23H,reservations@jet2holidays.com,Query,Successful,
12/14/2022 06:43:30,12/14/2022 06:45:39,129,12/12/2022 18:39:40,JET2,1306607/W22H,reservations@jet2holidays.com,Query,Successful,
12/14/2022 06:34:39,12/14/2022 06:36:56,137,12/12/2022 18:25:31,JET2,1306573/W22H,reservations@jet2holidays.com,Matched,Successful,
12/14/2022 06:23:07,12/14/2022 06:25:50,163,12/12/2022 18:15:59,JET2,1306550/S23H,reservations@jet2holidays.com,Query,Successful,
12/14/2022 06:02:56,12/14/2022 06:04:41,105,12/12/2022 18:04:46,TUI,18219831,email@customerservices.tui.co.uk,Matched,Successful,
12/14/2022 05:46:34,12/14/2022 05:48:46,132,12/12/2022 18:06:20,JET2,1261219/W22H,reservations@jet2holidays.com,Matched,Successful,
12/14/2022 05:37:03,12/14/2022 05:39:35,152,12/12/2022 18:06:22,JET2,1261219/W22H,reservations@jet2holidays.com,Matched,Successful,
12/14/2022 05:34:16,12/14/2022 05:35:32,76,12/12/2022 17:38:18,EASYJET,3643389,donotreply@easyjet.com,Matched,Successful,
12/14/2022 05:25:58,12/14/2022 05:27:09,71,12/12/2022 17:26:18,EASYJET,4225843,donotreply@easyjet.com,Query,Successful,
12/14/2022 05:08:09,12/14/2022 05:09:33,84,12/12/2022 17:23:01,EASYJET,4225835,donotreply@easyjet.com,Query,Successful,
12/14/2022 05:02:21,12/14/2022 05:03:30,69,12/12/2022 01:37:27,TUI,13337661,email@customerservices.tui.co.uk,Booking Not Found,Failed,
12/14/2022 04:47:33,12/14/2022 04:48:44,71,12/12/2022 01:36:55,TUI,15938118,email@customerservices.tui.co.uk,Booking Not Found,Failed,
12/14/2022 04:35:13,12/14/2022 04:39:06,233,12/12/2022 17:31:48,EASYJET,3498430,donotreply@easyjet.com,Matched,Successful,
12/14/2022 04:25:55,12/14/2022 04:28:03,128,12/12/2022 16:58:32,TUI,18219461,email@customerservices.tui.co.uk,Query,Successful,
12/14/2022 04:03:01,12/14/2022 04:05:19,138,12/12/2022 17:06:40,JET2,1306395/W22H,reservations@jet2holidays.com,Matched,Successful,
12/14/2022 03:43:47,12/14/2022 03:46:09,142,12/12/2022 16:56:00,JET2,1281641/W22H,reservations@jet2holidays.com,Matched,Successful,
12/14/2022 03:26:41,12/14/2022 03:29:12,151,12/12/2022 16:46:21,JET2,1009039/W22H,reservations@jet2holidays.com,Matched,Successful,
12/14/2022 03:03:40,12/14/2022 03:05:55,135,12/12/2022 16:24:29,JET2,0821572/W22H,reservations@jet2holidays.com,Query,Successful,
12/14/2022 02:46:37,12/14/2022 02:47:57,80,12/12/2022 16:16:50,HOSEASONS,28222411,invoices@hoseasons.co.uk,Query,Successful,
12/14/2022 02:38:10,12/14/2022 02:40:26,136,12/12/2022 16:08:14,JET2,1305899/S23H,reservations@jet2holidays.com,Matched,Successful,
12/14/2022 02:29:21,12/14/2022 02:31:37,136,12/12/2022 16:20:04,JET2,0677050/S23H,reservations@jet2holidays.com,Matched,Successful,
12/14/2022 00:45:12,12/14/2022 00:48:00,168,12/12/2022 16:04:48,JET2,1306206/W22H,reservations@jet2holidays.com,Query,Successful,
12/14/2022 00:38:16,12/14/2022 00:39:32,76,12/12/2022 15:41:36,EASYJET,3144693,donotreply@easyjet.com,Query,Successful,
12/14/2022 00:25:58,12/14/2022 00:28:14,136,12/12/2022 15:09:41,JET2,1306040/W22H,reservations@jet2holidays.com,Query,Successful,
12/14/2022 00:03:22,12/14/2022 00:05:35,133,12/12/2022 15:11:47,JET2,1306041/S23H,reservations@jet2holidays.com,Query,Successful,
