﻿ProcessingStartedTimeStamp,ProcessingEndedTimeStamp,ProcessingTimeInSeconds,EmailReceivedTimeStamp,Supplier,Reference,SupplierEmail,MatchingStatus,QueryFields,Status
12/15/2022 16:47:00,12/15/2022 16:48:41,101,12/13/2022 17:16:15,TUI,16484366,email@customerservices.tui.co.uk,Query," ",Successful
12/15/2022 16:45:12,12/15/2022 16:46:22,70,12/13/2022 17:31:24,TUI,13971979,email@customerservices.tui.co.uk,Unprocessed," ",Failed
12/15/2022 16:43:38,12/15/2022 16:44:25,47,12/13/2022 17:50:55,TUI,13971979,email@customerservices.tui.co.uk,Bot Error," ",Failed
12/15/2022 16:41:48,12/15/2022 16:42:58,70,12/13/2022 17:56:20,EASYJET,4226784,donotreply@easyjet.com,Query," ",Successful
12/15/2022 16:40:02,12/15/2022 16:41:10,68,12/13/2022 18:06:24,EASYJET,4226823,donotreply@easyjet.com,Query," ",Successful
12/15/2022 16:37:38,12/15/2022 16:39:23,105,12/13/2022 18:08:02,JET2,1308876/S23H,reservations@jet2holidays.com,Query," ",Successful
12/15/2022 16:34:47,12/15/2022 16:36:59,132,12/13/2022 18:13:59,JET2,1308892/W22H,reservations@jet2holidays.com,Query," ",Successful
12/15/2022 16:31:53,12/15/2022 16:34:09,136,12/13/2022 18:21:38,JET2,1308876/S23H,reservations@jet2holidays.com,Query," ",Successful
12/15/2022 16:29:01,12/15/2022 16:31:13,132,12/13/2022 18:15:54,JET2,9435399/W22H,reservations@jet2holidays.com,Query," ",Successful
12/15/2022 16:26:38,12/15/2022 16:28:23,105,12/13/2022 18:25:15,JET2,1308917/W23H,reservations@jet2holidays.com,Matched," ",Successful
12/15/2022 16:24:25,12/15/2022 16:25:33,68,12/13/2022 18:26:31,EASYJET,2916811,donotreply@easyjet.com,Query," ",Successful
12/15/2022 16:17:20,12/15/2022 16:19:11,111,12/13/2022 18:32:38,JET2,1165038/W22H,reservations@jet2holidays.com,Query," ",Successful
12/15/2022 16:13:14,12/15/2022 16:14:55,101,12/13/2022 19:16:09,JET2,1306040/W22H,reservations@jet2holidays.com,Matched," ",Successful
12/15/2022 16:10:18,12/15/2022 16:12:34,136,12/13/2022 19:09:51,JET2,1306075/W22H,reservations@jet2holidays.com,Matched," ",Successful
12/15/2022 15:50:17,12/15/2022 15:53:06,169,12/13/2022 19:47:50,JET2,1309154/W22H,reservations@jet2holidays.com,Matched," ",Successful
12/15/2022 14:46:36,12/15/2022 14:49:18,162,12/13/2022 19:51:15,JET2,1309164/S23H,reservations@jet2holidays.com,Query," ",Successful
12/15/2022 13:30:09,12/15/2022 13:32:35,146,12/13/2022 19:51:15,JET2,1309164/S23H,reservations@jet2holidays.com,Unprocessed," ",Failed
12/15/2022 13:08:45,12/15/2022 13:11:10,145,12/13/2022 19:47:50,JET2,1309154/W22H,reservations@jet2holidays.com,Unprocessed," ",Failed
12/15/2022 12:47:43,12/15/2022 12:50:06,143,12/13/2022 19:09:51,JET2,1306075/W22H,reservations@jet2holidays.com,Unprocessed," ",Failed
12/15/2022 12:38:37,12/15/2022 12:41:04,147,12/13/2022 19:16:09,JET2,1306040/W22H,reservations@jet2holidays.com,Unprocessed," ",Failed
12/15/2022 12:30:21,12/15/2022 12:32:48,147,12/13/2022 18:58:50,JET2,1309015/W22H,reservations@jet2holidays.com,Unprocessed," ",Failed
12/15/2022 12:23:03,12/15/2022 12:25:05,122,12/13/2022 18:32:38,JET2,1165038/W22H,reservations@jet2holidays.com,Unprocessed," ",Failed
12/15/2022 11:46:26,12/15/2022 11:47:48,82,12/13/2022 18:26:31,EASYJET,2916811,donotreply@easyjet.com,Unprocessed," ",Failed
12/15/2022 11:36:58,12/15/2022 11:39:25,147,12/13/2022 18:25:15,JET2,1308917/W23H,reservations@jet2holidays.com,Unprocessed," ",Failed
12/15/2022 11:28:43,12/15/2022 11:31:11,148,12/13/2022 18:15:54,JET2,9435399/W22H,reservations@jet2holidays.com,Unprocessed," ",Failed
12/15/2022 11:08:26,12/15/2022 11:10:31,125,12/13/2022 18:21:38,JET2,1308876/S23H,reservations@jet2holidays.com,Unprocessed," ",Failed
12/15/2022 10:47:33,12/15/2022 10:49:57,144,12/13/2022 18:13:59,JET2,1308892/W22H,reservations@jet2holidays.com,Unprocessed," ",Failed
12/15/2022 10:37:10,12/15/2022 10:40:10,180,12/13/2022 18:08:02,JET2,1308876/S23H,reservations@jet2holidays.com,Unprocessed," ",Failed
12/15/2022 10:34:11,12/15/2022 10:35:33,82,12/13/2022 18:06:24,EASYJET,4226823,donotreply@easyjet.com,Unprocessed," ",Failed
12/15/2022 10:26:16,12/15/2022 10:27:35,79,12/13/2022 17:56:20,EASYJET,4226784,donotreply@easyjet.com,Unprocessed," ",Failed
12/15/2022 10:03:38,12/15/2022 10:05:46,128,12/13/2022 17:50:55,TUI,13971979,email@customerservices.tui.co.uk,Unprocessed," ",Failed
12/15/2022 09:46:44,12/15/2022 09:48:56,132,12/13/2022 17:31:24,TUI,13971979,email@customerservices.tui.co.uk,Unprocessed," ",Failed
12/15/2022 09:38:12,12/15/2022 09:40:31,139,12/13/2022 17:16:15,TUI,16484366,email@customerservices.tui.co.uk,Unprocessed," ",Failed
