﻿ProcessingStartedTimeStamp,ProcessingEndedTimeStamp,ProcessingTimeInSeconds,EmailReceivedTimeStamp,Supplier,Reference,SupplierEmail,MatchingStatus,Status
12/01/2022 23:43:55,12/01/2022 23:46:46,171,12/01/2022 11:05:46,JET2,1277032/W22H,reservations@jet2holidays.com,Matched,Successful
12/01/2022 23:35:43,12/01/2022 23:38:14,151,12/01/2022 10:52:23,EASYJET,4191380,donotreply@easyjet.com,Query,Successful
12/01/2022 23:30:14,12/01/2022 23:32:22,128,12/01/2022 10:58:27,JET2,1184413/S23H,reservations@jet2holidays.com,Matched,Successful
12/01/2022 23:18:45,12/01/2022 23:22:03,198,12/01/2022 10:08:29,TUI,18174302,email@customerservices.tui.co.uk,Unprocessed,Failed
12/01/2022 22:48:48,12/01/2022 22:52:17,209,12/01/2022 10:11:01,TUI,18174396,email@customerservices.tui.co.uk,Unprocessed,Failed
12/01/2022 22:30:04,12/01/2022 22:32:55,171,12/01/2022 10:07:49,JET2,0512024/W22H,reservations@jet2holidays.com,Matched,Successful
12/01/2022 21:41:46,12/01/2022 21:45:11,205,12/01/2022 10:13:54,TUI,18174306,email@customerservices.tui.co.uk,Unprocessed,Failed
12/01/2022 21:29:46,12/01/2022 21:32:56,190,12/01/2022 09:43:21,JET2,1273652/S23H,reservations@jet2holidays.com,Matched,Successful
12/01/2022 21:19:14,12/01/2022 21:21:55,161,12/01/2022 09:42:32,JET2,1094279/W22H,reservations@jet2holidays.com,Matched,Successful
12/01/2022 21:02:24,12/01/2022 21:04:39,135,12/01/2022 09:43:56,JET2,9956930/S23H,reservations@jet2holidays.com,Matched,Successful
12/01/2022 20:46:19,12/01/2022 20:49:07,168,12/01/2022 09:33:35,JET2,1094279/W22H,reservations@jet2holidays.com,Query,Successful
12/01/2022 20:38:11,12/01/2022 20:41:08,177,12/01/2022 09:31:14,JET2,1276749/S23H,reservations@jet2holidays.com,Matched,Successful
12/01/2022 20:34:26,12/01/2022 20:35:45,79,12/01/2022 09:10:58,EASYJET,3392146,donotreply@easyjet.com,Query,Successful
12/01/2022 20:21:06,12/01/2022 20:24:06,180,11/29/2022 17:13:58,JET2,1271630/W22H,reservations@jet2holidays.com,Matched,Successful
12/01/2022 20:02:27,12/01/2022 20:05:46,199,12/01/2022 08:51:33,JET2,1276691/S23H,reservations@jet2holidays.com,Matched,Successful
12/01/2022 19:47:18,12/01/2022 19:49:15,117,12/01/2022 08:13:20,JET2,0920671/S23H,reservations@jet2holidays.com,Matched,Successful
12/01/2022 19:37:04,12/01/2022 19:39:52,168,11/29/2022 16:33:34,JET2,1271479/W22H,reservations@jet2holidays.com,Matched,Successful
12/01/2022 19:30:34,12/01/2022 19:33:42,188,12/01/2022 06:06:23,TUI,18112113,email@customerservices.tui.co.uk,Unprocessed,Failed
12/01/2022 19:23:04,12/01/2022 19:25:53,169,12/01/2022 05:56:10,TUI,16877582,email@customerservices.tui.co.uk,Unprocessed,Failed
12/01/2022 19:02:57,12/01/2022 19:06:16,199,12/01/2022 04:58:03,JET2,9216484/W22H,reservations@jet2holidays.com,Matched,Successful
12/01/2022 18:45:42,12/01/2022 18:48:59,197,12/01/2022 05:01:48,JET2,8540047/W22H,reservations@jet2holidays.com,Matched,Successful
12/01/2022 18:38:13,12/01/2022 18:40:33,140,12/01/2022 05:04:00,JET2,9106050/W22H,reservations@jet2holidays.com,Matched,Successful
12/01/2022 18:33:19,12/01/2022 18:35:21,122,12/01/2022 04:59:55,JET2,9750866/W22H,reservations@jet2holidays.com,Matched,Successful
12/01/2022 18:22:56,12/01/2022 18:26:24,208,12/01/2022 04:52:02,JET2,9919900/W22H,reservations@jet2holidays.com,Matched,Successful
12/01/2022 18:02:38,12/01/2022 18:06:06,208,12/01/2022 04:34:14,JET2,0886712/W22H,reservations@jet2holidays.com,Matched,Successful
12/01/2022 17:45:04,12/01/2022 17:48:25,201,12/01/2022 04:42:38,JET2,1243317/W22H,reservations@jet2holidays.com,Matched,Successful
12/01/2022 17:41:37,12/01/2022 17:42:12,35,11/29/2022 14:36:06,TUI,13464492,email@customerservices.tui.co.uk,Booking Not Found,Failed
12/01/2022 17:34:54,12/01/2022 17:37:29,155,12/01/2022 04:48:17,JET2,9103765/W22H,reservations@jet2holidays.com,Query,Successful
12/01/2022 17:23:45,12/01/2022 17:26:28,163,12/01/2022 04:11:50,JET2,0415477/W22H,reservations@jet2holidays.com,Matched,Successful
12/01/2022 17:00:07,12/01/2022 17:02:53,166,12/01/2022 04:02:47,JET2,1242640/W22H,reservations@jet2holidays.com,Query,Successful
12/01/2022 16:41:36,12/01/2022 16:45:06,210,12/01/2022 04:01:49,JET2,8540025/W22H,reservations@jet2holidays.com,Matched,Successful
12/01/2022 16:33:54,12/01/2022 16:36:54,180,12/01/2022 03:52:16,JET2,0975432/W22H,reservations@jet2holidays.com,Matched,Successful
12/01/2022 16:23:34,12/01/2022 16:26:55,201,12/01/2022 03:42:12,JET2,1219301/W22H,reservations@jet2holidays.com,Matched,Successful
12/01/2022 16:03:25,12/01/2022 16:06:44,199,12/01/2022 03:44:30,JET2,8540089/W22H,reservations@jet2holidays.com,Matched,Successful
12/01/2022 15:45:11,12/01/2022 15:48:44,213,12/01/2022 03:36:32,JET2,0967045/W22H,reservations@jet2holidays.com,Matched,Successful
12/01/2022 15:35:42,12/01/2022 15:38:24,162,12/01/2022 03:26:49,JET2,1271630/W22H,reservations@jet2holidays.com,Matched,Successful
12/01/2022 15:26:08,12/01/2022 15:29:33,205,12/01/2022 03:07:12,JET2,8540068/W22H,reservations@jet2holidays.com,Matched,Successful
12/01/2022 15:08:37,12/01/2022 15:11:53,196,12/01/2022 02:53:57,JET2,0869260/W22H,reservations@jet2holidays.com,Query,Successful
12/01/2022 14:46:01,12/01/2022 14:49:31,210,12/01/2022 02:35:44,JET2,0623934/W22H,reservations@jet2holidays.com,Matched,Successful
12/01/2022 14:36:57,12/01/2022 14:39:49,172,12/01/2022 02:39:54,JET2,0934884/W22H,reservations@jet2holidays.com,Matched,Successful
12/01/2022 14:29:53,12/01/2022 14:32:37,164,12/01/2022 02:34:55,JET2,0517188/W22H,reservations@jet2holidays.com,Query,Successful
12/01/2022 14:10:18,12/01/2022 14:13:57,219,12/01/2022 02:39:17,JET2,0855546/W22H,reservations@jet2holidays.com,Matched,Successful
12/01/2022 13:48:09,12/01/2022 13:51:14,185,12/01/2022 01:47:38,TUI,18005084,email@customerservices.tui.co.uk,Unprocessed,Failed
12/01/2022 13:38:32,12/01/2022 13:42:54,262,12/01/2022 01:41:30,TUI,16716639,email@customerservices.tui.co.uk,Unprocessed,Failed
12/01/2022 13:25:09,12/01/2022 13:28:44,215,12/01/2022 01:40:52,TUI,14503212,email@customerservices.tui.co.uk,Unprocessed,Failed
12/01/2022 13:03:33,12/01/2022 13:06:52,199,11/30/2022 21:30:59,JET2,1276254/W22H,reservations@jet2holidays.com,Matched,Successful
12/01/2022 12:46:35,12/01/2022 12:50:03,208,11/30/2022 21:22:35,JET2,1276224/S24H,reservations@jet2holidays.com,Matched,Successful
12/01/2022 12:36:47,12/01/2022 12:40:29,222,11/30/2022 21:19:43,JET2,1276204/W22H,reservations@jet2holidays.com,Matched,Successful
12/01/2022 12:25:57,12/01/2022 12:29:48,231,11/30/2022 21:07:22,JET2,1276147/W22H,reservations@jet2holidays.com,Matched,Successful
12/01/2022 12:10:15,12/01/2022 12:13:16,181,11/30/2022 20:47:18,JET2,1264368/W23H,reservations@jet2holidays.com,Query,Successful
12/01/2022 11:48:02,12/01/2022 11:51:26,204,11/30/2022 20:44:23,JET2,1276040/S23H,reservations@jet2holidays.com,Matched,Successful
12/01/2022 11:41:10,12/01/2022 11:44:12,182,11/30/2022 20:27:16,EASYJET,4190292,donotreply@easyjet.com,Query,Successful
12/01/2022 11:30:38,12/01/2022 11:34:07,209,11/30/2022 19:48:03,JET2,1275724/S23H,reservations@jet2holidays.com,Matched,Successful
12/01/2022 11:22:42,12/01/2022 11:25:55,193,11/30/2022 19:57:06,EASYJET,4190254,donotreply@easyjet.com,Matched,Successful
12/01/2022 10:48:04,12/01/2022 10:51:29,205,11/30/2022 19:47:37,JET2,1275718/S23H,reservations@jet2holidays.com,Matched,Successful
12/01/2022 10:38:42,12/01/2022 10:42:20,218,11/30/2022 19:32:53,JET2,1275643/S23H,reservations@jet2holidays.com,Matched,Successful
12/01/2022 10:30:18,12/01/2022 10:33:31,193,11/30/2022 19:33:15,EASYJET,4190224,donotreply@easyjet.com,Matched,Successful
12/01/2022 10:22:48,12/01/2022 10:25:45,177,11/30/2022 19:42:04,EASYJET,4190238,donotreply@easyjet.com,Matched,Successful
12/01/2022 10:02:49,12/01/2022 10:05:35,166,11/30/2022 19:16:24,JET2,1275558/S23H,reservations@jet2holidays.com,Matched,Successful
12/01/2022 09:43:45,12/01/2022 09:46:30,165,11/30/2022 19:16:41,JET2,1275559/S23H,reservations@jet2holidays.com,Query,Successful
12/01/2022 09:35:16,12/01/2022 09:38:08,172,11/30/2022 18:43:54,EASYJET,4190069,donotreply@easyjet.com,Matched,Successful
12/01/2022 09:22:42,12/01/2022 09:26:30,228,11/30/2022 18:00:54,JET2,0782664/S23H,reservations@jet2holidays.com,Matched,Successful
12/01/2022 09:02:37,12/01/2022 09:05:38,181,11/30/2022 17:44:03,JET2,1275192/S23H,reservations@jet2holidays.com,Query,Successful
12/01/2022 08:45:06,12/01/2022 08:48:32,206,11/30/2022 17:31:57,JET2,1275153/W22H,reservations@jet2holidays.com,Matched,Successful
12/01/2022 08:35:29,12/01/2022 08:38:46,197,11/30/2022 17:14:16,JET2,1275079/S23H,reservations@jet2holidays.com,Query,Successful
12/01/2022 08:25:49,12/01/2022 08:29:12,203,11/30/2022 17:08:27,JET2,1275054/S23H,reservations@jet2holidays.com,Matched,Successful
12/01/2022 08:08:09,12/01/2022 08:11:35,206,11/30/2022 17:01:11,JET2,1275028/W22H,reservations@jet2holidays.com,Matched,Successful
12/01/2022 07:47:21,12/01/2022 07:50:44,203,11/30/2022 17:02:50,JET2,1275034/W22H,reservations@jet2holidays.com,Matched,Successful
12/01/2022 07:38:13,12/01/2022 07:41:45,212,11/30/2022 16:50:52,TUI,14832276,email@customerservices.tui.co.uk,Query,Successful
12/01/2022 06:49:01,12/01/2022 06:51:13,132,11/30/2022 16:46:19,JET2,9382297/W22H,reservations@jet2holidays.com,Matched,Successful
12/01/2022 06:24:48,12/01/2022 06:28:08,200,11/30/2022 16:39:08,JET2,1274928/S23H,reservations@jet2holidays.com,Matched,Successful
12/01/2022 05:47:15,12/01/2022 05:50:57,222,11/30/2022 16:34:21,TUI,18172043,email@customerservices.tui.co.uk,Unprocessed,Failed
12/01/2022 04:48:47,12/01/2022 04:52:03,196,11/30/2022 16:01:10,TUI,13664315,email@customerservices.tui.co.uk,Query,Successful
12/01/2022 04:41:16,12/01/2022 04:45:06,230,11/30/2022 16:07:28,TUI,18171958,email@customerservices.tui.co.uk,Matched,Successful
12/01/2022 04:33:11,12/01/2022 04:36:41,210,11/30/2022 15:31:13,TUI,14549945,email@customerservices.tui.co.uk,Query,Successful
12/01/2022 04:18:48,12/01/2022 04:22:21,213,11/30/2022 15:21:47,TUI,14549945,email@customerservices.tui.co.uk,Query,Successful
12/01/2022 03:47:55,12/01/2022 03:50:22,147,11/30/2022 15:21:37,JET2,1266165/S23H,reservations@jet2holidays.com,Matched,Successful
12/01/2022 03:41:16,12/01/2022 03:44:38,202,11/30/2022 15:07:10,EASYJET,4139330,donotreply@easyjet.com,Query,Successful
12/01/2022 03:33:49,12/01/2022 03:36:24,155,11/30/2022 15:06:55,EASYJET,3704814,donotreply@easyjet.com,Query,Successful
12/01/2022 03:30:04,12/01/2022 03:31:28,84,11/30/2022 15:06:30,EASYJET,3822437,donotreply@easyjet.com,Query,Successful
12/01/2022 03:25:09,12/01/2022 03:26:21,72,11/30/2022 15:06:14,EASYJET,3870834,donotreply@easyjet.com,Matched,Successful
12/01/2022 03:19:04,12/01/2022 03:20:36,92,11/30/2022 15:05:57,EASYJET,3444263,donotreply@easyjet.com,Matched,Successful
12/01/2022 03:00:49,12/01/2022 03:04:47,238,11/30/2022 14:45:37,JET2,1271479/W22H,reservations@jet2holidays.com,Matched,Successful
12/01/2022 02:43:59,12/01/2022 02:47:01,182,11/30/2022 14:47:47,JET2,1274465/W22H,reservations@jet2holidays.com,Matched,Successful
12/01/2022 02:35:05,12/01/2022 02:38:31,206,11/30/2022 14:29:33,JET2,1274389/W22H,reservations@jet2holidays.com,Matched,Successful
12/01/2022 02:23:41,12/01/2022 02:26:57,196,11/30/2022 14:23:29,TUI,18171278,email@customerservices.tui.co.uk,Unprocessed,Failed
12/01/2022 02:03:17,12/01/2022 02:06:44,207,11/30/2022 14:19:10,JET2,1219125/W22H,reservations@jet2holidays.com,Query,Successful
12/01/2022 01:38:14,12/01/2022 01:40:50,156,11/30/2022 14:01:14,JET2,1274226/W22H,reservations@jet2holidays.com,Query,Successful
12/01/2022 01:32:01,12/01/2022 01:34:27,146,11/30/2022 13:37:10,EASYJET,4188373,donotreply@easyjet.com,Unprocessed,Failed
12/01/2022 01:23:31,12/01/2022 01:26:26,175,11/30/2022 13:11:21,TUI,16488556,email@customerservices.tui.co.uk,Unprocessed,Failed
12/01/2022 01:08:27,12/01/2022 01:11:14,167,11/30/2022 13:11:16,JET2,1273987/S23H,reservations@jet2holidays.com,Matched,Successful
12/01/2022 00:59:55,12/01/2022 01:00:34,39,11/28/2022 21:59:51,TUI,18163168,email@customerservices.tui.co.uk,Booking Not Found,Failed
12/01/2022 00:46:11,12/01/2022 00:49:24,193,11/30/2022 12:58:58,JET2,9605799/W22H,reservations@jet2holidays.com,Query,Successful
12/01/2022 00:37:07,12/01/2022 00:40:05,178,11/30/2022 12:44:54,JET2,1273801/S23H,reservations@jet2holidays.com,Query,Successful
12/01/2022 00:30:11,12/01/2022 00:33:12,181,11/30/2022 12:42:37,JET2,1273801/S23H,reservations@jet2holidays.com,Query,Successful
12/01/2022 00:22:51,12/01/2022 00:25:48,177,11/30/2022 12:29:48,JET2,1273801/S23H,reservations@jet2holidays.com,Query,Successful
