﻿ProcessingStartedTimeStamp,ProcessingEndedTimeStamp,ProcessingTimeInSeconds,EmailReceivedTimeStamp,Supplier,Reference,SupplierEmail,MatchingStatus,Status
12/13/2022 23:45:44,12/13/2022 23:47:58,134,12/12/2022 15:18:28,JET2,1306075/W22H,reservations@jet2holidays.com,Query,Successful
12/13/2022 22:29:23,12/13/2022 22:31:36,133,12/12/2022 14:54:29,JET2,1305988/S23H,reservations@jet2holidays.com,Query,Successful
12/13/2022 22:03:37,12/13/2022 22:05:38,121,12/12/2022 15:04:37,JET2,0455815/S23H,reservations@jet2holidays.com,Matched,Successful
12/13/2022 21:46:16,12/13/2022 21:48:21,125,12/12/2022 14:47:51,JET2,1305968/S23H,reservations@jet2holidays.com,Query,Successful
12/13/2022 21:36:53,12/13/2022 21:39:09,136,12/12/2022 14:46:16,JET2,1305963/W22H,reservations@jet2holidays.com,Matched,Successful
12/13/2022 21:26:30,12/13/2022 21:28:41,131,12/12/2022 14:25:01,JET2,1305899/S23H,reservations@jet2holidays.com,Query,Successful
12/13/2022 21:08:07,12/13/2022 21:09:06,59,12/12/2022 14:21:12,EASYJET,3386492,donotreply@easyjet.com,Query,Successful
12/13/2022 20:46:41,12/13/2022 20:48:55,134,12/12/2022 14:07:21,JET2,1305843/W22H,reservations@jet2holidays.com,Matched,Successful
12/13/2022 20:41:57,12/13/2022 20:43:10,73,12/12/2022 14:01:47,EASYJET,3760023,donotreply@easyjet.com,Query,Successful
12/13/2022 20:34:31,12/13/2022 20:36:31,120,12/12/2022 13:43:02,JET2,1305762/S23H,reservations@jet2holidays.com,Query,Successful
12/13/2022 20:26:08,12/13/2022 20:27:25,77,12/12/2022 12:45:01,HOSEASONS,28220999,invoices@hoseasons.co.uk,Matched,Successful
12/13/2022 20:03:17,12/13/2022 20:06:11,174,12/12/2022 12:29:46,JET2,1299303/S23H,reservations@jet2holidays.com,Matched,Successful
12/13/2022 20:02:15,12/13/2022 20:02:38,23,12/11/2022 14:25:46,EASYJET,1654987,donotreply@easyjet.com,Booking Not Found,Failed
12/13/2022 18:15:06,12/13/2022 18:16:46,100,12/12/2022 14:30:23,TUI,14256716,email@customerservices.tui.co.uk,Unprocessed,Failed
12/13/2022 18:10:52,12/13/2022 18:12:33,101,12/12/2022 14:20:26,TUI,14256726,email@customerservices.tui.co.uk,Unprocessed,Failed
12/13/2022 18:06:15,12/13/2022 18:07:58,103,12/12/2022 14:25:26,TUI,14430247,email@customerservices.tui.co.uk,Unprocessed,Failed
12/13/2022 17:59:31,12/13/2022 18:01:14,103,12/12/2022 13:51:13,TUI,18210104,email@customerservices.tui.co.uk,Unprocessed,Failed
12/13/2022 17:56:17,12/13/2022 17:57:57,100,12/12/2022 12:16:01,TUI,18218076,email@customerservices.tui.co.uk,Matched,Successful
12/13/2022 17:51:59,12/13/2022 17:54:11,132,12/12/2022 13:35:36,JET2,1296731/S23H,reservations@jet2holidays.com,Query,Successful
12/13/2022 17:46:52,12/13/2022 17:49:18,146,12/12/2022 13:32:28,JET2,1294364/S23H,reservations@jet2holidays.com,Query,Successful
12/13/2022 17:37:13,12/13/2022 17:38:46,93,12/11/2022 14:36:48,JET2,9723706/W22H,reservations@jet2holidays.com,Matched,Successful
12/13/2022 17:26:11,12/13/2022 17:28:23,132,12/12/2022 12:27:57,JET2,1305538/W22H,reservations@jet2holidays.com,Matched,Successful
12/13/2022 17:22:58,12/13/2022 17:24:04,66,12/12/2022 12:56:38,EASYJET,4224403,donotreply@easyjet.com,Query,Successful
12/13/2022 17:20:40,12/13/2022 17:21:48,68,12/12/2022 12:51:24,EASYJET,4224384,donotreply@easyjet.com,Query,Successful
12/13/2022 17:18:23,12/13/2022 17:19:28,65,12/12/2022 12:09:12,EASYJET,4211772,donotreply@easyjet.com,Query,Successful
12/13/2022 17:15:34,12/13/2022 17:16:47,73,12/12/2022 11:58:33,EASYJET,4081167,donotreply@easyjet.com,Matched,Successful
12/13/2022 17:08:46,12/13/2022 17:11:02,136,12/12/2022 11:37:28,JET2,1305386/S23H,reservations@jet2holidays.com,Matched,Successful
12/13/2022 16:43:57,12/13/2022 16:46:08,131,12/12/2022 11:33:36,JET2,1305364/W22H,reservations@jet2holidays.com,Query,Successful
12/13/2022 16:35:07,12/13/2022 16:37:26,139,12/12/2022 11:15:48,JET2,1305309/W22H,reservations@jet2holidays.com,Matched,Successful
12/13/2022 16:23:31,12/13/2022 16:25:54,143,12/12/2022 11:14:36,JET2,1290714/W22H,reservations@jet2holidays.com,Matched,Successful
12/13/2022 16:07:57,12/13/2022 16:09:14,77,12/12/2022 11:14:22,HOSEASONS,28220514,invoices@hoseasons.co.uk,Query,Successful
12/13/2022 15:47:20,12/13/2022 15:49:33,133,12/12/2022 10:35:52,JET2,1305186/W22H,reservations@jet2holidays.com,Matched,Successful
12/13/2022 15:36:56,12/13/2022 15:39:27,151,12/12/2022 10:20:36,JET2,1147363/W22H,reservations@jet2holidays.com,Matched,Successful
12/13/2022 15:26:05,12/13/2022 15:28:23,138,12/12/2022 10:16:50,JET2,1305133/S23H,reservations@jet2holidays.com,Matched,Successful
12/13/2022 15:08:35,12/13/2022 15:09:48,73,12/12/2022 10:07:39,HOSEASONS,28019701,invoices@hoseasons.co.uk,Query,Successful
12/13/2022 14:47:37,12/13/2022 14:49:58,141,12/12/2022 09:42:02,JET2,1305066/W22H,reservations@jet2holidays.com,Matched,Successful
12/13/2022 14:38:20,12/13/2022 14:40:46,146,12/12/2022 09:24:30,JET2,1286171/W22H,reservations@jet2holidays.com,Query,Successful
12/13/2022 14:14:26,12/13/2022 14:17:13,167,12/12/2022 08:54:45,JET2,1305027/W22H,reservations@jet2holidays.com,Matched,Successful
12/13/2022 14:06:42,12/13/2022 14:08:09,87,12/12/2022 11:01:54,EASYJET,3587056,donotreply@easyjet.com,Query,Successful
12/13/2022 13:47:59,12/13/2022 13:49:07,68,12/12/2022 08:26:41,EASYJET,4223374,donotreply@easyjet.com,Matched,Successful
12/13/2022 13:37:11,12/13/2022 13:39:48,157,12/12/2022 03:35:49,JET2,9797181/W22H,reservations@jet2holidays.com,Query,Successful
12/13/2022 13:26:12,12/13/2022 13:28:26,134,12/12/2022 03:25:27,JET2,9387963/W22H,reservations@jet2holidays.com,Matched,Successful
12/13/2022 13:03:14,12/13/2022 13:05:22,128,12/12/2022 03:27:00,JET2,0445545/W22H,reservations@jet2holidays.com,Query,Successful
12/13/2022 12:43:59,12/13/2022 12:46:27,148,12/12/2022 02:59:08,JET2,0583758/W22H,reservations@jet2holidays.com,Query,Successful
12/13/2022 12:34:51,12/13/2022 12:36:59,128,12/12/2022 02:59:44,JET2,0571339/W22H,reservations@jet2holidays.com,Matched,Successful
12/13/2022 12:08:22,12/13/2022 12:11:04,162,12/12/2022 02:51:40,JET2,0609278/W22H,reservations@jet2holidays.com,Matched,Successful
12/13/2022 11:47:22,12/13/2022 11:49:32,130,12/12/2022 02:58:23,JET2,9082138/W22H,reservations@jet2holidays.com,Matched,Successful
12/13/2022 11:38:30,12/13/2022 11:40:41,131,12/12/2022 02:51:43,JET2,0793050/W22H,reservations@jet2holidays.com,Query,Successful
12/13/2022 11:28:46,12/13/2022 11:31:08,142,12/12/2022 02:32:52,JET2,1290105/W22H,reservations@jet2holidays.com,Matched,Successful
12/13/2022 11:08:01,12/13/2022 11:10:20,139,12/12/2022 02:33:08,JET2,1290087/W22H,reservations@jet2holidays.com,Matched,Successful
12/13/2022 10:47:14,12/13/2022 10:49:33,139,12/12/2022 02:39:40,JET2,1209863/W22H,reservations@jet2holidays.com,Matched,Successful
12/13/2022 10:38:26,12/13/2022 10:40:40,134,12/12/2022 02:18:13,JET2,0570209/W22H,reservations@jet2holidays.com,Matched,Successful
12/13/2022 10:26:51,12/13/2022 10:29:11,140,12/12/2022 02:20:55,JET2,1081823/W22H,reservations@jet2holidays.com,Matched,Successful
12/13/2022 10:07:48,12/13/2022 10:10:30,162,12/12/2022 02:22:13,JET2,1166773/W22H,reservations@jet2holidays.com,Matched,Successful
12/13/2022 09:47:16,12/13/2022 09:49:04,108,12/12/2022 02:08:10,TUI,15052074,email@customerservices.tui.co.uk,Unprocessed,Failed
12/13/2022 09:38:33,12/13/2022 09:40:12,99,12/12/2022 01:51:33,TUI,17274626,email@customerservices.tui.co.uk,Unprocessed,Failed
12/13/2022 09:34:21,12/13/2022 09:36:00,99,12/12/2022 01:48:46,TUI,16491253,email@customerservices.tui.co.uk,Unprocessed,Failed
12/13/2022 09:23:33,12/13/2022 09:25:10,97,12/12/2022 01:51:39,TUI,17687577,email@customerservices.tui.co.uk,Unprocessed,Failed
12/13/2022 09:03:28,12/13/2022 09:05:06,98,12/12/2022 01:38:35,TUI,17882676,email@customerservices.tui.co.uk,Unprocessed,Failed
12/13/2022 08:46:20,12/13/2022 08:48:01,101,12/12/2022 01:35:45,TUI,16472593,email@customerservices.tui.co.uk,Unprocessed,Failed
12/13/2022 08:36:57,12/13/2022 08:38:42,105,12/12/2022 01:37:22,TUI,15539426,email@customerservices.tui.co.uk,Unprocessed,Failed
12/13/2022 08:29:26,12/13/2022 08:31:06,100,12/12/2022 01:36:33,TUI,14029383,email@customerservices.tui.co.uk,Unprocessed,Failed
12/13/2022 08:09:28,12/13/2022 08:11:05,97,12/12/2022 01:41:03,TUI,17103221,email@customerservices.tui.co.uk,Unprocessed,Failed
12/13/2022 07:47:21,12/13/2022 07:49:01,100,12/12/2022 01:40:45,TUI,15218760,email@customerservices.tui.co.uk,Unprocessed,Failed
12/13/2022 07:38:42,12/13/2022 07:40:24,102,12/12/2022 01:37:37,TUI,15181875,email@customerservices.tui.co.uk,Unprocessed,Failed
12/13/2022 07:26:16,12/13/2022 07:28:36,140,12/11/2022 22:44:32,JET2,1304935/W22H,reservations@jet2holidays.com,Matched,Successful
12/13/2022 07:03:04,12/13/2022 07:05:53,169,12/11/2022 21:01:28,JET2,1304725/W22H,reservations@jet2holidays.com,Query,Successful
12/13/2022 06:47:50,12/13/2022 06:48:22,32,12/11/2022 20:55:56,TUI,16699236,email@customerservices.tui.co.uk,Bot Error,Failed
12/13/2022 06:46:02,12/13/2022 06:46:36,34,12/11/2022 20:51:13,TUI,16699236,email@customerservices.tui.co.uk,Bot Error,Failed
12/13/2022 06:38:12,12/13/2022 06:39:26,74,12/11/2022 20:33:07,JET2,1304649/W22H,reservations@jet2holidays.com,Bot Error,Failed
12/13/2022 06:34:55,12/13/2022 06:35:36,41,12/11/2022 03:26:17,JET2,1292759/W22H,reservations@jet2holidays.com,Bot Error,Failed
12/13/2022 06:26:16,12/13/2022 06:27:30,74,12/11/2022 19:41:24,JET2,1304517/W23H,reservations@jet2holidays.com,Bot Error,Failed
12/13/2022 06:08:45,12/13/2022 06:09:57,72,12/11/2022 18:54:37,JET2,1304405/W22H,reservations@jet2holidays.com,Bot Error,Failed
12/13/2022 05:48:11,12/13/2022 05:50:22,131,12/11/2022 18:19:20,JET2,1304307/S23H,reservations@jet2holidays.com,Matched,Successful
12/13/2022 05:43:42,12/13/2022 05:45:54,132,12/11/2022 16:53:15,JET2,1303603/W23H,reservations@jet2holidays.com,Query,Successful
12/13/2022 05:34:39,12/13/2022 05:36:48,129,12/11/2022 15:51:01,JET2,1303813/S23H,reservations@jet2holidays.com,Matched,Successful
12/13/2022 05:26:18,12/13/2022 05:27:32,74,12/11/2022 14:57:03,EASYJET,4216083,donotreply@easyjet.com,Matched,Successful
12/13/2022 05:07:40,12/13/2022 05:09:52,132,12/11/2022 14:36:08,JET2,1303603/W23H,reservations@jet2holidays.com,Query,Successful
12/13/2022 04:39:18,12/13/2022 04:41:05,107,12/11/2022 14:22:50,TUI,18214688,email@customerservices.tui.co.uk,Matched,Successful
12/13/2022 04:29:59,12/13/2022 04:32:17,138,12/11/2022 12:46:06,JET2,1303302/W23H,reservations@jet2holidays.com,Query,Successful
12/13/2022 04:08:41,12/13/2022 04:10:52,131,12/11/2022 03:24:29,JET2,9103142/W22H,reservations@jet2holidays.com,Matched,Successful
12/13/2022 03:48:06,12/13/2022 03:50:17,131,12/11/2022 03:37:36,JET2,1051919/W22H,reservations@jet2holidays.com,Matched,Successful
12/13/2022 03:39:19,12/13/2022 03:41:34,135,12/11/2022 03:27:13,JET2,9079745/W22H,reservations@jet2holidays.com,Matched,Successful
12/13/2022 03:25:58,12/13/2022 03:28:12,134,12/11/2022 03:14:14,JET2,0887154/W22H,reservations@jet2holidays.com,Query,Successful
12/13/2022 03:07:42,12/13/2022 03:09:59,137,12/11/2022 02:39:29,JET2,1182676/W22H,reservations@jet2holidays.com,Matched,Successful
12/13/2022 02:47:41,12/13/2022 02:49:54,133,12/11/2022 02:36:23,JET2,0887109/W22H,reservations@jet2holidays.com,Query,Successful
12/13/2022 02:38:23,12/13/2022 02:40:36,133,12/11/2022 02:24:23,JET2,1228783/W22H,reservations@jet2holidays.com,Matched,Successful
12/13/2022 02:29:24,12/13/2022 02:31:42,138,12/11/2022 02:27:31,JET2,0886119/W22H,reservations@jet2holidays.com,Matched,Successful
12/13/2022 02:08:03,12/13/2022 02:10:56,173,12/11/2022 02:19:25,JET2,0891724/W22H,reservations@jet2holidays.com,Matched,Successful
12/13/2022 01:47:43,12/13/2022 01:49:16,93,12/11/2022 01:40:02,TUI,18117083,email@customerservices.tui.co.uk,Unprocessed,Failed
12/13/2022 01:43:36,12/13/2022 01:45:12,96,12/11/2022 01:38:10,TUI,14771858,email@customerservices.tui.co.uk,Unprocessed,Failed
12/13/2022 01:35:21,12/13/2022 01:37:00,99,12/11/2022 01:39:13,TUI,16127411,email@customerservices.tui.co.uk,Unprocessed,Failed
12/13/2022 01:26:39,12/13/2022 01:28:14,95,12/11/2022 01:37:28,TUI,14889679,email@customerservices.tui.co.uk,Unprocessed,Failed
12/13/2022 01:08:55,12/13/2022 01:10:31,96,12/11/2022 01:37:22,TUI,17433326,email@customerservices.tui.co.uk,Unprocessed,Failed
12/13/2022 01:03:00,12/13/2022 01:04:36,96,12/11/2022 01:36:37,TUI,14890785,email@customerservices.tui.co.uk,Unprocessed,Failed
12/13/2022 00:46:01,12/13/2022 00:47:41,100,12/11/2022 01:39:06,TUI,15019712,email@customerservices.tui.co.uk,Unprocessed,Failed
12/13/2022 00:39:23,12/13/2022 00:40:32,69,12/11/2022 01:35:54,TUI,15409379,email@customerservices.tui.co.uk,Unprocessed,Failed
12/13/2022 00:34:11,12/13/2022 00:36:23,132,12/10/2022 21:29:15,JET2,1302673/S23H,reservations@jet2holidays.com,Matched,Successful
12/13/2022 00:08:54,12/13/2022 00:11:11,137,12/10/2022 19:30:33,JET2,1302531/W23H,reservations@jet2holidays.com,Matched,Successful
