<?xml version="1.0" encoding="ISO-8859-1"?>
<Configuration>

<!--  Start : Rohit_ -->
<KPI_File_ARVE_Blended_Sheet_CS_Ons>GROUP CS ONS</KPI_File_ARVE_Blended_Sheet_CS_Ons>
<KPI_File_ARVE_Blended_Sheet_CS_Offs>GROUP CS OFF</KPI_File_ARVE_Blended_Sheet_CS_Offs>

<KPI_File_ARVE_Blended_Sheet_CS_Onshore>Group CS Onshore</KPI_File_ARVE_Blended_Sheet_CS_Onshore>
<KPI_File_ARVE_Blended_Sheet_CS_Offshore>Group CS Offshore</KPI_File_ARVE_Blended_Sheet_CS_Offshore>

<KPI_File_ARVE_Blended_Sheet_AS_Ons>GROUP AS ONS</KPI_File_ARVE_Blended_Sheet_AS_Ons>
<KPI_File_ARVE_Blended_Sheet_AS_Offs>GROUP AS OFF</KPI_File_ARVE_Blended_Sheet_AS_Offs>

<KPI_File_ARVE_Blended_Sheet_AS_Onshore>Group AS Onshore</KPI_File_ARVE_Blended_Sheet_AS_Onshore>
<KPI_File_ARVE_Blended_Sheet_AS_Offshore>Group AS Offshore</KPI_File_ARVE_Blended_Sheet_AS_Offshore>

<KPI_File_ARVE_Blended_Sheet_PS_Ons>GROUP PS ONS</KPI_File_ARVE_Blended_Sheet_PS_Ons>
<KPI_File_ARVE_Blended_Sheet_PS_Offs>GROUP PS OFF</KPI_File_ARVE_Blended_Sheet_PS_Offs>

<KPI_File_ARVE_Blended_Sheet_PS_Onshore>Group PS Onshore</KPI_File_ARVE_Blended_Sheet_PS_Onshore>
<KPI_File_ARVE_Blended_Sheet_PS_Offshore>Group PS Offshore</KPI_File_ARVE_Blended_Sheet_PS_Offshore>

<!--  End : Rohit_KPI File  -->
</Configuration>


