<?xml version="1.0" encoding="ISO-8859-1"?>
<Configuration>

<!-- <Shared_FilePath>\\DIN52003993\SharedPath\</Shared_FilePath> -->

<Shared_FilePath></Shared_FilePath>
<ErrorLog_FilePath>ErrorLog\KPI\KPIErrorLog_</ErrorLog_FilePath>
<KPI_FileName>KPI File_ARVE Blended Month Actual.xlsx</KPI_FileName>
<GenericException_FilePath>GenericException.xaml</GenericException_FilePath>
<TroomURL>https://troom.capgemini.com/sites/gfs/hfm/Guidelines%20%20business%20rules/Forms/AllItems.aspx?RootFolder=%2Fsites%2Fgfs%2Fhfm%2FGuidelines%20%20business%20rules%2FGRSYY%5FTemplates%2FOutput</TroomURL>
<OutputFileSearch_Criteria>ACT_Output_</OutputFileSearch_Criteria>
<Troom_Output_NetworkPath>\\troom.capgemini.com@SSL\DavWWWRoot\sites\gfs\hfm\Guidelines  business rules\GRSYY_Templates\Output\</Troom_Output_NetworkPath>
<XMLLocalFolderPath>D:\Users\username\Documents\FinanceCOE\</XMLLocalFolderPath>
<ScreenshotFolderName>D:\Users\username\Documents\FinanceCOE\ErrorLog\KPI\KPIScreenshot\</ScreenshotFolderName>
<Search_OutputFile>A - ARVE (BU Managed, Vacation included)</Search_OutputFile>
<TemplateFilePath>KPI_Analysis_Mon.xlsx</TemplateFilePath>
<TemplateFolderName>Template\KPI\</TemplateFolderName>
<Cleanup_Filepath>CleanUp.xaml</Cleanup_Filepath>
<Selector_Filepath>Selector.txt</Selector_Filepath>
<Delete_Filepath>DeleteFiles.xaml</Delete_Filepath>
<Login_Filepath>Login.xaml</Login_Filepath>
<SmartView_CredentialName>SmartViewAccess</SmartView_CredentialName>
<EnableAddIn_FilePath>EnableAddin.xaml</EnableAddIn_FilePath>

<!-- Start: KPI Structure Update Configuration -->
<OutputFileSearch_Criteria2>HFM_CURRENT_DIM_</OutputFileSearch_Criteria2>
<TemporaryFileName>Temporary.xlsx</TemporaryFileName>
<OutputFolderName>Temp\KPI\</OutputFolderName>

<!--Start: Macro Configuration-->
<KPIMacroFileName>HFM Filter Macros.xlsm</KPIMacroFileName>
<MacroNames>CS_OFFSHORE,CS_ONSHORE,TES_OFFSHORE,TES_ONSHORE,AS_OFFSHORE,AS_ONSHORE_BNL,AS_ONSHORE_CE,AS_ONSHORE_FRANCE,AS_ONSHORE_IBERIA,AS_ONSHORE_ITALY,AS_ONSHORE_LATAM,AS_ONSHORE_NO,AS_ONSHORE_UK,AS_ONSHORE_NA,AS_ONSHORE_APAC</MacroNames>
<RestoreMacroName>RESTORE_PREVIOUS</RestoreMacroName>
<!--End  : Macro Configuration-->

<!--Start: Temporary Excel File Configuration-->
<TemporarySheetNames>CS_OffShore,CS_OnShore,TES_OffShore,TES_OnShore,AS_OffShore,AS_OnShore_BNL,AS_OnShore_CE,AS_OnShore_FRANCE,AS_OnShore_IBERIA,AS_OnShore_ITALY,AS_OnShore_LATAM,AS_OnShore_NO,AS_OnShore_UK,AS_OnShore_NA,AS_OnShore_APAC</TemporarySheetNames>
<!--End  : Temporary Excel File Configuration-->

<!--Start: KPI Excel File Configuration-->
<KPIFileSheetNames>ARVE YOY CS,ARVE YOY CS,ARVE YOY T&amp;ES,ARVE YOY T&amp;ES,ARVE YOY AS,ARVE YOY AS</KPIFileSheetNames>
<KPIFileKeywords>Group CS Offshore,Group CS Onshore,Group PS Offshore,Group PS Onshore,Group AS Offshore,BNL,CE,FR,IB,IT,LATAM,NO,UK,NA,APAC</KPIFileKeywords>
<KPIFileUpdateColumnNames>Member,HC Country,Geography</KPIFileUpdateColumnNames>
<KPIFileUpdateColumnFirstCharacters>A,B,D,F</KPIFileUpdateColumnFirstCharacters>
<KPIFileKeyword1>A1</KPIFileKeyword1>
<!--End  : KPI Excel File Configuration-->

<!--Start: HFM File Configuration-->
<HFMFileKeyword1>ENTITY</HFMFileKeyword1>
<HFMFileKeyword2>Structure</HFMFileKeyword2>
<!--End  : HFM File Configuration-->

<!-- End  : KPI Structure Update Configuration -->


<!--   Start : Kp1,Kp2 & Kp3 refresh-->
<ACT_Output_SheetCount>3</ACT_Output_SheetCount>
<!--   End : Kp1,Kp2 & Kp3 refresh-->


<!--  Start : KPI File -->

<KPI_File_ARVE_Blended_Sheet1>POV</KPI_File_ARVE_Blended_Sheet1>
<KPI_File_ARVE_Blended_Sheet1_Keysheet1>B1</KPI_File_ARVE_Blended_Sheet1_Keysheet1> 
<KPI_File_ARVE_Blended_Sheet1_Keysheet2>B2</KPI_File_ARVE_Blended_Sheet1_Keysheet2> 

<KPI_File_ARVE_Blended_Sheet2>ARVE blended</KPI_File_ARVE_Blended_Sheet2>
<KPI_File_ARVE_Blended_Sheet2_Keysheet1>A6:S25</KPI_File_ARVE_Blended_Sheet2_Keysheet1>

<KPI_File_ARVE_Blended_Sheet3>ARVE YOY CS</KPI_File_ARVE_Blended_Sheet3>
<KPI_File_ARVE_Blended_Sheet3_Keysheet1>J2</KPI_File_ARVE_Blended_Sheet3_Keysheet1> 
<KPI_File_ARVE_Blended_Sheet3_Keysheet2>K2</KPI_File_ARVE_Blended_Sheet3_Keysheet2> 
<KPI_File_ARVE_Blended_Sheet3_Keysheet3>L2</KPI_File_ARVE_Blended_Sheet3_Keysheet3> 
<KPI_File_ARVE_Blended_Sheet3_Keysheet4>Q2</KPI_File_ARVE_Blended_Sheet3_Keysheet4> 
<KPI_File_ARVE_Blended_Sheet3_Keysheet5>R2</KPI_File_ARVE_Blended_Sheet3_Keysheet5> 
<KPI_File_ARVE_Blended_Sheet3_Keysheet6>S2</KPI_File_ARVE_Blended_Sheet3_Keysheet6> 
<KPI_File_ARVE_Blended_Sheet3_Keysheet7>J3</KPI_File_ARVE_Blended_Sheet3_Keysheet7> 
<KPI_File_ARVE_Blended_Sheet3_Keysheet8>K3</KPI_File_ARVE_Blended_Sheet3_Keysheet8> 
<KPI_File_ARVE_Blended_Sheet3_Keysheet9>L3</KPI_File_ARVE_Blended_Sheet3_Keysheet9> 
<KPI_File_ARVE_Blended_Sheet3_Keysheet10>Q3</KPI_File_ARVE_Blended_Sheet3_Keysheet10> 
<KPI_File_ARVE_Blended_Sheet3_Keysheet11>R3</KPI_File_ARVE_Blended_Sheet3_Keysheet11> 
<KPI_File_ARVE_Blended_Sheet3_Keysheet12>S3</KPI_File_ARVE_Blended_Sheet3_Keysheet12> 
<KPI_File_ARVE_Blended_Sheet3_Keysheet13>O16</KPI_File_ARVE_Blended_Sheet3_Keysheet13> 
<KPI_File_ARVE_Blended_Sheet3_Keysheet14>G1</KPI_File_ARVE_Blended_Sheet3_Keysheet14> 

<KPI_File_ARVE_Blended_Sheet4>ARVE YOY AS CG+IG</KPI_File_ARVE_Blended_Sheet4>
<KPI_File_ARVE_Blended_Sheet4_Keysheet1>O21</KPI_File_ARVE_Blended_Sheet4_Keysheet1> 

<KPI_File_ARVE_Blended_Sheet5>ARVE YOY AS</KPI_File_ARVE_Blended_Sheet5>
<KPI_File_ARVE_Blended_Sheet5_Keysheet1>O21</KPI_File_ARVE_Blended_Sheet5_Keysheet1> 

<KPI_File_ARVE_Blended_Sheet6>ARVE YOY PS CG+IG</KPI_File_ARVE_Blended_Sheet6>
<KPI_File_ARVE_Blended_Sheet6_Keysheet1>O16</KPI_File_ARVE_Blended_Sheet6_Keysheet1> 

<KPI_File_ARVE_Blended_Sheet7>ARVE YOY T&amp;ES</KPI_File_ARVE_Blended_Sheet7>
<KPI_File_ARVE_Blended_Sheet7_Keysheet1>O16</KPI_File_ARVE_Blended_Sheet7_Keysheet1> 

<!--  End : KPI File  -->


<!--  Start : ACT Output File -->

<ACT_Output_Sheet1>POV</ACT_Output_Sheet1>
<ACT_Output_Sheet1_Keysheet1>Entity</ACT_Output_Sheet1_Keysheet1>
<ACT_Output_Sheet1_Keysheet2>Group</ACT_Output_Sheet1_Keysheet2>
<ACT_Output_Sheet1_Keysheet3>Year</ACT_Output_Sheet1_Keysheet3>
<ACT_Output_Sheet1_Keysheet4>Period</ACT_Output_Sheet1_Keysheet4>
<ACT_Output_Sheet1_Keysheet5>Period_Rep</ACT_Output_Sheet1_Keysheet5>
<ACT_Output_Sheet1_Keysheet6>Application</ACT_Output_Sheet1_Keysheet6>
<ACT_Output_Sheet1_Keysheet7>Value</ACT_Output_Sheet1_Keysheet7>
<ACT_Output_Sheet1_Keysheet8>EUR</ACT_Output_Sheet1_Keysheet8>
<ACT_Output_Sheet1_Keysheet9>BZ</ACT_Output_Sheet1_Keysheet9>
<ACT_Output_Sheet1_Keysheet10>CS,AS_TOT,PS</ACT_Output_Sheet1_Keysheet10>
<ACT_Output_Sheet1_Keysheet11></ACT_Output_Sheet1_Keysheet11>
<ACT_Output_Sheet1_Keysheet12></ACT_Output_Sheet1_Keysheet12>

<ACT_Output_Sheet2>A_KP1</ACT_Output_Sheet2>

<ACT_Output_Sheet3>KP2</ACT_Output_Sheet3>
<ACT_Output_Sheet3_Keysheet1>I</ACT_Output_Sheet3_Keysheet1>
<ACT_Output_Sheet3_Keysheet2>W</ACT_Output_Sheet3_Keysheet2>

<ACT_Output_Sheet4>KP3</ACT_Output_Sheet4>
<ACT_Output_Sheet4_Keysheet1>I</ACT_Output_Sheet4_Keysheet1>
<ACT_Output_Sheet4_Keysheet2>R</ACT_Output_Sheet4_Keysheet2>

<ACT_Output_Sheet5>SOs</ACT_Output_Sheet5>


<!--  End : ACT Output File -->

<!--  Start : KPI_Analysis File -->
<KPI_Analysis_Sheet1>ARVE GRAPH</KPI_Analysis_Sheet1>

<KPI_Analysis_Sheet2>ARVE VAL</KPI_Analysis_Sheet2>
<!-- Start : CS-->
<KPI_Analysis_Sheet2_Keysheet1>B5:K5</KPI_Analysis_Sheet2_Keysheet1>
<KPI_Analysis_Sheet2_Keysheet2>B11:K11</KPI_Analysis_Sheet2_Keysheet2>

<!-- End : CS-->

<!-- Start : AS_TOT-->
<KPI_Analysis_Sheet2_Keysheet3>B6:K6</KPI_Analysis_Sheet2_Keysheet3>
<KPI_Analysis_Sheet2_Keysheet4>B12:K12</KPI_Analysis_Sheet2_Keysheet4>

<!-- End : AS_TOT-->

<!-- Start : PS-->
<KPI_Analysis_Sheet2_Keysheet5>B7:K7</KPI_Analysis_Sheet2_Keysheet5>
<KPI_Analysis_Sheet2_Keysheet6>B13:K13</KPI_Analysis_Sheet2_Keysheet6>

<!-- End : PS-->

<KPI_Analysis_Sheet2_Keysheet7>B5:U25</KPI_Analysis_Sheet2_Keysheet7>
<KPI_Analysis_Sheet2_Keysheet8>C5:P13</KPI_Analysis_Sheet2_Keysheet8>


<KPI_Analysis_Sheet3>PANEL</KPI_Analysis_Sheet3>
<KPI_Analysis_Sheet3_Keysheet1>B2</KPI_Analysis_Sheet3_Keysheet1>
<KPI_Analysis_Sheet3_Keysheet2>C2</KPI_Analysis_Sheet3_Keysheet2>
<KPI_Analysis_Sheet3_Keysheet3>D2</KPI_Analysis_Sheet3_Keysheet3>
<KPI_Analysis_Sheet3_Keysheet4>E2</KPI_Analysis_Sheet3_Keysheet4>
<KPI_Analysis_Sheet3_Keysheet5>F2</KPI_Analysis_Sheet3_Keysheet5>
<KPI_Analysis_Sheet3_Keysheet6>G2</KPI_Analysis_Sheet3_Keysheet6>
<KPI_Analysis_Sheet3_Keysheet7>A15</KPI_Analysis_Sheet3_Keysheet7>

<!--  End : KPI_Analysis File -->


<!-- Start : Email -->

<!--
<Email_TO>kishan.purohit@capgemini.com</Email_TO>
<Email_CC>nitin.varshneya@capgemini.com;uday.dixit@capgemini.com</Email_CC>
-->

<Email_TO>prathmesh.thergaonkar@capgemini.com</Email_TO>
<Email_CC>kishan.purohit@capgemini.com</Email_CC>


<Email_Subject>KPI ARVE Blended-MMM'YY Actual</Email_Subject>
<Email_Body_FileName>Email_Body_Template.txt</Email_Body_FileName>
<Email_Body_FileName_Analytics>Email_Body_Analytics.txt</Email_Body_FileName_Analytics>
<KPI_Analytics_FileName>KPI_Analytics_Mon.xlsx</KPI_Analytics_FileName>

<!-- End : Email -->

<!-- New Config changes : Amit -->

<KPI_Analytics_Sheet_Panel_Keyword1>SBU.FS</KPI_Analytics_Sheet_Panel_Keyword1>
<KPI_Analytics_Sheet_Analytics_Keyword1>Group</KPI_Analytics_Sheet_Analytics_Keyword1>
<KPI_Analysis_Sheet_Analytics>Analytics</KPI_Analysis_Sheet_Analytics>
<KPI_Analysis_Sheet_Analytics_LastYear>Analytics_LastYear</KPI_Analysis_Sheet_Analytics_LastYear>
<KPI_Analysis_Sheet_Analytics_LastYearSameMonth>Analytics_LastYearSameMonth</KPI_Analysis_Sheet_Analytics_LastYearSameMonth>
<KPI_Grid_Sheet1>GenericData</KPI_Grid_Sheet1>
<KPI_Grid_Sheet2>FixedData</KPI_Grid_Sheet2>
<KPI_Grid_Template_Path>D:\Users\username\Documents\FinanceCOE\Template\KPI\KPI_Analysis_Grid.xlsx</KPI_Grid_Template_Path>
<Email_Exception_Body>The Exception occured. Please check the attached log.</Email_Exception_Body>
<Implementation_Calender_FileName>Template\YYYY Group Finance Reporting Timetable.xlsx</Implementation_Calender_FileName>
<Report_Type>Actual</Report_Type>
<!-- New Config changes : Amit -->

</Configuration>


