<?xml version="1.0" encoding="ISO-8859-1"?>
<Configuration>

<!--<Shared_FilePath>D:\Users\username\Documents\FinanceCOE\SharedPath\Major_Wins\</Shared_FilePath> -->
<Shared_FilePath>\\punnfil02\Reporting and Analytics COE$\Reports\Karine\Global Reporting\Actual Deck\Major win and Top ten\</Shared_FilePath>
<ImageFolderPath>\\punnfil02\Reporting and Analytics COE$\Reports\Karine\Global Reporting\Actual Deck\Major win and Top ten\Images\</ImageFolderPath>				
<XMLLocalFolderPath>D:\Users\username\Documents\FinanceCOE\</XMLLocalFolderPath>
<ErrorLog_FilePath>ErrorLog\Major_Wins\</ErrorLog_FilePath>
<GenericException_FilePath>GenericException.xaml</GenericException_FilePath>
<Exception_FilePath>Exception.xaml</Exception_FilePath>11

<ScreenshotFolderPath>ErrorLog\Major_Wins\Major_Wins_Screenshot</ScreenshotFolderPath>
<TemporaryFolderPath>Temp\Major_Wins_File\</TemporaryFolderPath>
<TemplateFolderName>Template\Major_Wins_File\</TemplateFolderName>
<Cleanup_Filepath>CleanUp.xaml</Cleanup_Filepath>
<Delete_Filepath>DeleteFiles.xaml</Delete_Filepath>
<SmartViewCredentials>SmartViewAccess</SmartViewCredentials>
<SmartViewLoginFileName>Login</SmartViewLoginFileName>
<Login_Filepath>Login.xaml</Login_Filepath>
<EnableAddIn_FilePath>EnableAddin.xaml</EnableAddIn_FilePath>
<SearchKeyWord_Filepath>Search Keyword.xaml</SearchKeyWord_Filepath>
<Find_CellRange_Filepath>Find Cell Range.xaml</Find_CellRange_Filepath>
<Refresh_SmartView_Filepath>Refresh Smart View.xaml</Refresh_SmartView_Filepath>
<SendMailToDeveloper_FileName>SendMailToDeveloper.xaml</SendMailToDeveloper_FileName>
<Troom_Output_NetworkPath>\\troom.capgemini.com@SSL\DavWWWRoot\sites\gfs\hfm\Guidelines  business rules\GRSYY_Templates\Output\</Troom_Output_NetworkPath>
<TemporaryFileName>Temporary.xlsx</TemporaryFileName>
<Implementation_Calender_FileName>Template\YYYY Group Finance Reporting Timetable.xlsx</Implementation_Calender_FileName>
<Report_Type>Actual</Report_Type>

<!--Start Mail To-->
<Mail_TO>rohit.c.pandey@capgemini.com</Mail_TO>
<Mail_CC>kirti.batham@capgemini.com</Mail_CC> 
<Success_Mail_Subject>All Procurement Reports sales Files are Executed</Success_Mail_Subject>
<Success_Mail_Body>Success_Mail_Body_Message.txt</Success_Mail_Body>
<Success_Mail_To>prathmesh.thergaonkar@capgemini.com</Success_Mail_To>

<MailToDeveloper>rohit.c.pandey@capgemini.com</MailToDeveloper>
<MailCCDeveloper>kalidindi.priyanka@capgemini.com</MailCCDeveloper> 
<Mail_Subject>Exception Occured in ReportName on DateTime</Mail_Subject>
<Mail_Body>CheckExceptionMailToClientBody.txt</Mail_Body>
<Mail_Body_FinalCheck>Email_Body_Template_FinalCheck.txt</Mail_Body_FinalCheck>
<ExceptionMailToClientBodyPath>ExceptionMailToClientBody.txt</ExceptionMailToClientBodyPath>
<!--End Mail To-->

<!--Start working By Rohit -->



</Configuration>
