<?xml version="1.0" encoding="ISO-8859-1"?>
<Configuration>

<!-- Start - File paths -->
<!-- <Shared_FilePath>\\punnfil02\Reporting and Analytics COE$\Reports\Karine\Global Reporting\Group Reporting Automation\</Shared_FilePath> -->

<!--GenericPath start-->
<SharedFilePath>D:\Users\gasumit\Documents\FinanceCOE\SharedPath\</SharedFilePath>
<TemporaryFolderPath>Temp\Headcount\</TemporaryFolderPath>
<TemplateFolderName>Template\</TemplateFolderName>
<ReportName>Headcount\Opening HC and Country Split\</ReportName>

<!--GenericPath End-->

<!--Prm monthly file Started-->
<HcGeoFileName>HC Geo Split_MMM.xlsx</HcGeoFileName>
<HcGeoSheet1>HC by SBU YTD with splits</HcGeoSheet1>
<HcGeoSheet2>FS Split</HcGeoSheet2>
<HcGeoCommonKeyword1>Description</HcGeoCommonKeyword1>

<!--Prm monthly file Ended-->

<!--Reporting Calendar  Start -->
<ReportingCalendarName>Year Group Finance Reporting Timetable.xlsx</ReportingCalendarName>
<ReportingCalendarSheetName>Actual</ReportingCalendarSheetName>
<ReportingCalendarLastMonth>December</ReportingCalendarLastMonth>

<!-- Reporting Calendar End -->

<!-- Start Generic code -->
<DefaultRange>A1</DefaultRange>
<ReportingCalendarFilePath>ReportingCalendarCheck.xaml</ReportingCalendarFilePath>
<ErrorLog_FilePath>ErrorLog\Headcount\Opening_HC_and_Country_Split\</ErrorLog_FilePath>
<SmartViewCredentials>SmartViewAccess</SmartViewCredentials>
<SmartViewLoginFileName>Login</SmartViewLoginFileName>
<SmartviewRefresh>Refresh Smart View.xaml</SmartviewRefresh>
<CleanUpFilePath>CleanUp.xaml</CleanUpFilePath>
<DeleteFilePath>DeleteFiles.xaml</DeleteFilePath>
<EnableAddInFileName>EnableAddin.xaml</EnableAddInFileName>
<GenericException_FilePath>GenericException.xaml</GenericException_FilePath>
<SearchKeyword_FileName>Search Keyword.xaml</SearchKeyword_FileName>
<FindCellRangeFileName>Find Cell Range.xaml</FindCellRangeFileName>
<SendMailTo_Developer_FileName>SendMailToDeveloper.xaml</SendMailTo_Developer_FileName>
<TroomExcelManipulation_FileName>TroomExcelManipulation.xaml</TroomExcelManipulation_FileName>
<SearchCopyPaste_FileName>SearchCopyPasteFiles.xaml</SearchCopyPaste_FileName>
<ScreenshotFolderPath>ErrorLog\Headcount\Opening_HC_and_Country_Split\Opening_HC_and_Country_Split_Screenshot</ScreenshotFolderPath>
<TimeOut>5000</TimeOut>

<!-- End Generic code -->


<!-- Start : Email -->
<Mail_TO>gaurav.sumit@capgemini.com</Mail_TO>
<Mail_CC>gaurav.sumit@capgemini.com</Mail_CC>
<Mail_Subject>Opening HC and Country Split</Mail_Subject>

<Mail_Body>Email_Body_OpeningHc.txt</Mail_Body>
<Mail_BodyChecking>Email_Body_OpeningHc_Check.txt</Mail_BodyChecking>

<Calendar_Mail_TO>gaurav.sumit@capgemini.com</Calendar_Mail_TO>
<Calendar_Mail_CC>gaurav.sumit@capgemini.com</Calendar_Mail_CC>
<Calendar_Mail_Subject>Reporting Calendar Opening HC and Country Split</Calendar_Mail_Subject>
<Calendar_Mail_Body>Reporting_Calendar_Body_OpeningHc_Check.txt</Calendar_Mail_Body>

<!--
<Success_Mail_Subject>Booking Evolution paste special file and screenshots of charts for Quarter quarter</Success_Mail_Subject>
<Success_Mail_Body>Booking_Evolution_Mail.txt</Success_Mail_Body>
<Success_Mail_To>rohit.malhotra@capgemini.com</Success_Mail_To>
-->
<MailToDeveloper>rohit.malhotra@capgemini.com</MailToDeveloper>
<MailCCDeveloper>gaurav.sumit@capgemini.com</MailCCDeveloper>

-->
<!-- End : Email -->

</Configuration>


