<?xml version="1.0" encoding="ISO-8859-1"?>
<Configuration>

<Shared_FilePath>D:\Users\username\Documents\FinanceCOE\SharedPath</Shared_FilePath>

<Shared_Folder_Name>Sales Submission</Shared_Folder_Name>

<TroomURL>https://troom.capgemini.com/sites/gfs/hfm/Guidelines%20%20business%20rules/Forms/AllItems.aspx?RootFolder=%2Fsites%2Fgfs%2Fhfm%2FGuidelines%20%20business%20rules%2FGRSYY%5FTemplates%2FOutput</TroomURL>

<!--Shared_FilePath>\\punnfil02\Reporting and Analytics COE$\Reports\Karine\Global Reporting\Group Reporting Automation\</Shared_FilePath-->

<Temporary_FilePath>Temp\Sales Submission\</Temporary_FilePath>

<ErrorLog_FilePath>ErrorLog\Sales Submission\Sales SubmissionErrorLog_</ErrorLog_FilePath>


<GenericException_FilePath>GenericException.xaml</GenericException_FilePath>

<Exception_FilePath>Exception.xaml</Exception_FilePath>


<XMLLocalFolderPath>D:\Users\username\Documents\FinanceCOE\</XMLLocalFolderPath>

<ScreenshotFolderName>D:\Users\username\Documents\FinanceCOE\ErrorLog\Sales Submission\Screenshot\</ScreenshotFolderName>

<TemplateFolderName>Template\Sales Submission\</TemplateFolderName>
<Master_SalesSubmission_FileName>Master File_Sales_Submission_2017</Master_SalesSubmission_FileName>
<HFM_DIM_FileName>HFM_CURRENT_DIM_20170615_GRS17</HFM_DIM_FileName>
<HFM_DIM_SheetName>ENTITY</HFM_DIM_SheetName>
<MASTER_SheetName>Bookings By SBU</MASTER_SheetName>
<MASTER_SheetNames>Bookings By SBU,Revenue By SBU,BDC By SBU</MASTER_SheetNames>
<HFM_DIM_StructureFilter>GROUP_DESINVEST</HFM_DIM_StructureFilter>
<HFM_DIM_SBUFilter>CC,FS,APPS1,DCX,COMCOR,SBU,INVEST,APPS2,INFRA,SOG,IBSA,SBUSS,INDGP,SBUADJ,GROUP</HFM_DIM_SBUFilter>
<!--INVEST,GROUP,FS,APPS1,APPS2,INFRA,CC,SOG,IBSA,SBUSS,INDGP,DCX,SBUADJ,SBU-->
<Cleanup_Filepath>CleanUp.xaml</Cleanup_Filepath>
<Selector_Filepath>Selector.txt</Selector_Filepath>
<Delete_Filepath>DeleteFiles.xaml</Delete_Filepath>
<Login_Filepath>Login.xaml</Login_Filepath>
<SmartViewRefresh_Filepath>Refresh Smart View.xaml</SmartViewRefresh_Filepath>
<SmartView_CredentialName>SmartViewAccess</SmartView_CredentialName>
<EnableAddIn_FilePath>EnableAddin.xaml</EnableAddIn_FilePath>



<Email_TO>allahbeli.nagori@capgemini.com</Email_TO>
<Email_CC>anjali.kriplani@capgemini.com</Email_CC>


<Email_Subject>Revenue_Analysis_KPI</Email_Subject>
<Email_Body>Revenue Analysis Process has been successfully completed</Email_Body>





<Implementation_Calender_FileName>Template\YYYY Group Finance Reporting Timetable.xlsx</Implementation_Calender_FileName>
<Report_Type>Actual</Report_Type>


</Configuration>


