{"ProjectWatches":"{\"Value\":[]}","ProjectBreakpoints":"{\"Value\":{\"test.xaml\":[{\"ConditionalExpression\":null,\"ActionExpression\":null,\"ExpectedHitCounter\":null,\"ShouldContinueAfterAction\":false,\"IsEnabled\":true,\"ActivityId\":\"1.7\",\"ActivityName\":\"Open Application 'UIDemo.exe  UiDemo'\"}],\"RetryScope.xaml\":[{\"ConditionalExpression\":null,\"ActionExpression\":null,\"ExpectedHitCounter\":null,\"ShouldContinueAfterAction\":false,\"IsEnabled\":false,\"ActivityId\":\"1.18\",\"ActivityName\":\"Element Exists 'IMG'\"}]}}","LibraryProjectSettings":"{\"IncludeSourcesByDefault\":true,\"DefaultActivitiesRootCategories\":[null]}","OpenedDocuments":"[\"RetryScope.xaml\",\"test.xaml\",\"Main.xaml\"]"}